{ "indexes" : [ { "v" : 1, "key" : { "_id" : 1 }, "name" : "_id_", "ns" : "germanet.lexunits" }, { "v" : 1, "key" : { "id" : 1 }, "name" : "id_1", "ns" : "germanet.lexunits" }, { "v" : 1, "key" : { "orthForm" : -1 }, "name" : "orthForm_-1", "ns" : "germanet.lexunits" }, { "v" : 1, "key" : { "orthForm" : -1, "category" : -1 }, "name" : "orthForm_-1_category_-1", "ns" : "germanet.lexunits" }, { "v" : 1, "key" : { "orthForm" : -1, "category" : -1, "sense" : -1 }, "name" : "orthForm_-1_category_-1_sense_-1", "ns" : "germanet.lexunits" } ] }