<?xml version="1.0" encoding="UTF-8" standalone="no"?>
<!DOCTYPE synsets SYSTEM "germanet_objects.dtd">
<synsets>
<synset id="s833" category="adj" class="Geist">
<lexUnit id="l1415" sense="1" source="core" namedEntity="no" artificial="no" styleMarking="no">
<orthForm>verstandesmäßig</orthForm>
</lexUnit>
</synset>
<synset id="s846" category="adj" class="Geist">
<lexUnit id="l1436" sense="1" source="core" namedEntity="no" artificial="no" styleMarking="no">
<orthForm>tänzerisch</orthForm>
</lexUnit>
</synset>
<synset id="s912" category="adj" class="Geist">
<lexUnit id="l1540" sense="1" source="core" namedEntity="no" artificial="no" styleMarking="no">
<orthForm>unwissentlich</orthForm>
</lexUnit>
</synset>
<synset id="s108713" category="adj" class="Geist">
<lexUnit id="l144294" sense="1" source="core" namedEntity="no" artificial="no" styleMarking="no">
<orthForm>erziehbar</orthForm>
</lexUnit>
</synset>
<synset id="s79502" category="adj" class="Geist">
<lexUnit id="l107765" sense="1" source="core" namedEntity="no" artificial="no" styleMarking="no">
<orthForm>lithografisch</orthForm>
<orthVar>litographisch</orthVar>
<oldOrthForm>lithographisch</oldOrthForm>
</lexUnit>
</synset>
<synset id="s78869" category="adj" class="Geist">
<lexUnit id="l107014" sense="1" source="core" namedEntity="no" artificial="no" styleMarking="no">
<orthForm>spielfähig</orthForm>
</lexUnit>
</synset>
<synset id="s949" category="adj" class="Geist">
<lexUnit id="l1600" sense="1" source="core" namedEntity="no" artificial="no" styleMarking="no">
<orthForm>sachkundig</orthForm>
</lexUnit>
<paraphrase>Sachkunde besitzend</paraphrase>
</synset>
<synset id="s126849" category="adj" class="Geist">
<lexUnit id="l166351" sense="1" source="core" namedEntity="no" artificial="no" styleMarking="no">
<orthForm>spätberufen</orthForm>
</lexUnit>
</synset>
<synset id="s943" category="adj" class="Geist">
<lexUnit id="l1591" sense="1" source="core" namedEntity="no" artificial="no" styleMarking="no">
<orthForm>geschult</orthForm>
</lexUnit>
<paraphrase>an einer Schule ausgebildet</paraphrase>
</synset>
<synset id="s95742" category="adj" class="Geist">
<lexUnit id="l127826" sense="1" source="core" namedEntity="no" artificial="no" styleMarking="no">
<orthForm>elaboriert</orthForm>
</lexUnit>
</synset>
<synset id="s96529" category="adj" class="Geist">
<lexUnit id="l128706" sense="3" source="core" namedEntity="no" artificial="no" styleMarking="no">
<orthForm>billig</orthForm>
</lexUnit>
</synset>
<synset id="s80208" category="adj" class="Geist">
<lexUnit id="l108600" sense="1" source="core" namedEntity="no" artificial="no" styleMarking="no">
<orthForm>salomonisch</orthForm>
</lexUnit>
</synset>
<synset id="s872" category="adj" class="Geist">
<lexUnit id="l1478" sense="1" source="core" namedEntity="no" artificial="no" styleMarking="no">
<orthForm>strohdumm</orthForm>
</lexUnit>
<lexUnit id="l1479" sense="1" source="core" namedEntity="no" artificial="no" styleMarking="no">
<orthForm>strohdoof</orthForm>
</lexUnit>
</synset>
<synset id="s922" category="adj" class="Geist">
<lexUnit id="l1556" sense="1" source="core" namedEntity="no" artificial="no" styleMarking="no">
<orthForm>ausgereift</orthForm>
</lexUnit>
</synset>
<synset id="s957" category="adj" class="Geist">
<lexUnit id="l1608" sense="1" source="core" namedEntity="no" artificial="no" styleMarking="no">
<orthForm>unkundig</orthForm>
</lexUnit>
<lexUnit id="l1609" sense="1" source="core" namedEntity="no" artificial="no" styleMarking="no">
<orthForm>unbeschlagen</orthForm>
</lexUnit>
</synset>
<synset id="s854" category="adj" class="Geist">
<lexUnit id="l1446" sense="1" source="core" namedEntity="no" artificial="no" styleMarking="no">
<orthForm>pfiffig</orthForm>
</lexUnit>
</synset>
<synset id="s867" category="adj" class="Geist">
<lexUnit id="l1466" sense="1" source="core" namedEntity="no" artificial="no" styleMarking="no">
<orthForm>doof</orthForm>
</lexUnit>
<lexUnit id="l1467" sense="1" source="core" namedEntity="no" artificial="no" styleMarking="no">
<orthForm>blöd</orthForm>
</lexUnit>
<lexUnit id="l1468" sense="1" source="core" namedEntity="no" artificial="no" styleMarking="no">
<orthForm>dämlich</orthForm>
</lexUnit>
</synset>
<synset id="s914" category="adj" class="Geist">
<lexUnit id="l1543" sense="3" source="core" namedEntity="no" artificial="no" styleMarking="no">
<orthForm>unbewusst</orthForm>
<oldOrthForm>unbewußt</oldOrthForm>
</lexUnit>
</synset>
<synset id="s869" category="adj" class="Geist">
<lexUnit id="l1471" sense="1" source="core" namedEntity="no" artificial="no" styleMarking="no">
<orthForm>einfältig</orthForm>
</lexUnit>
<lexUnit id="l1472" sense="1" source="core" namedEntity="no" artificial="no" styleMarking="no">
<orthForm>töricht</orthForm>
</lexUnit>
<lexUnit id="l1473" sense="1" source="core" namedEntity="no" artificial="no" styleMarking="no">
<orthForm>tumb</orthForm>
</lexUnit>
</synset>
<synset id="s78863" category="adj" class="Geist">
<lexUnit id="l107008" sense="1" source="core" namedEntity="no" artificial="no" styleMarking="no">
<orthForm>schuldunfähig</orthForm>
</lexUnit>
</synset>
<synset id="s78870" category="adj" class="Geist">
<lexUnit id="l107015" sense="2" source="core" namedEntity="no" artificial="no" styleMarking="no">
<orthForm>schutzfähig</orthForm>
</lexUnit>
<paraphrase>in der Lage zu schützen</paraphrase>
</synset>
<synset id="s954" category="adj" class="Geist">
<lexUnit id="l1605" sense="1" source="core" namedEntity="no" artificial="no" styleMarking="no">
<orthForm>unerfahren</orthForm>
</lexUnit>
</synset>
<synset id="s128494" category="adj" class="Geist">
<lexUnit id="l168225" sense="1" source="core" namedEntity="no" artificial="no" styleMarking="no">
<orthForm>talentlos</orthForm>
</lexUnit>
</synset>
<synset id="s842" category="adj" class="Geist">
<lexUnit id="l1431" sense="1" source="core" namedEntity="no" artificial="no" styleMarking="no">
<orthForm>bildhauerisch</orthForm>
</lexUnit>
<lexUnit id="l1432" sense="1" source="core" namedEntity="no" artificial="no" styleMarking="no">
<orthForm>plastisch</orthForm>
</lexUnit>
</synset>
<synset id="s128146" category="adj" class="Geist">
<lexUnit id="l167840" sense="1" source="core" namedEntity="no" artificial="no" styleMarking="no">
<orthForm>problembewusst</orthForm>
<oldOrthForm>problembewußt</oldOrthForm>
</lexUnit>
</synset>
<synset id="s95172" category="adj" class="Geist">
<lexUnit id="l127145" sense="1" source="core" namedEntity="no" artificial="no" styleMarking="no">
<orthForm>kopflastig</orthForm>
</lexUnit>
</synset>
<synset id="s128085" category="adj" class="Geist">
<lexUnit id="l167774" sense="1" source="core" namedEntity="no" artificial="no" styleMarking="no">
<orthForm>unfachmännisch</orthForm>
</lexUnit>
</synset>
<synset id="s99678" category="adj" class="Geist">
<lexUnit id="l132566" sense="1" source="core" namedEntity="no" artificial="no" styleMarking="no">
<orthForm>sattelfest</orthForm>
</lexUnit>
</synset>
<synset id="s926" category="adj" class="Geist">
<lexUnit id="l1565" sense="1" source="core" namedEntity="no" artificial="no" styleMarking="no">
<orthForm>kampferfahren</orthForm>
</lexUnit>
<lexUnit id="l1566" sense="1" source="core" namedEntity="no" artificial="no" styleMarking="no">
<orthForm>kampferprobt</orthForm>
</lexUnit>
</synset>
<synset id="s78913" category="adj" class="Geist">
<lexUnit id="l107066" sense="1" source="core" namedEntity="no" artificial="no" styleMarking="no">
<orthForm>denkfähig</orthForm>
</lexUnit>
</synset>
<synset id="s127127" category="adj" class="Geist">
<lexUnit id="l166655" sense="1" source="core" namedEntity="no" artificial="no" styleMarking="no">
<orthForm>heilkundig</orthForm>
</lexUnit>
</synset>
<synset id="s127715" category="adj" class="Geist">
<lexUnit id="l167333" sense="1" source="core" namedEntity="no" artificial="no" styleMarking="no">
<orthForm>inspirativ</orthForm>
</lexUnit>
</synset>
<synset id="s887" category="adj" class="Geist">
<lexUnit id="l1504" sense="1" source="core" namedEntity="no" artificial="no" styleMarking="no">
<orthForm>reaktionsschnell</orthForm>
</lexUnit>
<paraphrase>schnell reagierend</paraphrase>
</synset>
<synset id="s78890" category="adj" class="Geist">
<lexUnit id="l107041" sense="1" source="core" namedEntity="no" artificial="no" styleMarking="no">
<orthForm>einsichtsfähig</orthForm>
</lexUnit>
</synset>
<synset id="s79676" category="adj" class="Geist">
<lexUnit id="l107973" sense="1" source="core" namedEntity="no" artificial="no" styleMarking="no">
<orthForm>fachfremd</orthForm>
</lexUnit>
</synset>
<synset id="s95748" category="adj" class="Geist">
<lexUnit id="l127832" sense="1" source="core" namedEntity="no" artificial="no" styleMarking="no">
<orthForm>epikureisch</orthForm>
</lexUnit>
</synset>
<synset id="s2878" category="adj" class="Geist">
<lexUnit id="l4237" sense="1" source="core" namedEntity="no" artificial="no" styleMarking="no">
<orthForm>geistig</orthForm>
</lexUnit>
<lexUnit id="l4238" sense="1" source="core" namedEntity="no" artificial="no" styleMarking="no">
<orthForm>mental</orthForm>
</lexUnit>
<lexUnit id="l4239" sense="1" source="core" namedEntity="no" artificial="no" styleMarking="no">
<orthForm>psychisch</orthForm>
</lexUnit>
<lexUnit id="l4240" sense="2" source="core" namedEntity="no" artificial="no" styleMarking="no">
<orthForm>spirituell</orthForm>
</lexUnit>
</synset>
<synset id="s884" category="adj" class="Geist">
<lexUnit id="l1501" sense="1" source="core" namedEntity="no" artificial="no" styleMarking="no">
<orthForm>wachsam</orthForm>
</lexUnit>
</synset>
<synset id="s126855" category="adj" class="Geist">
<lexUnit id="l166359" sense="1" source="core" namedEntity="no" artificial="no" styleMarking="no">
<orthForm>sprachschöpferisch</orthForm>
</lexUnit>
</synset>
<synset id="s885" category="adj" class="Geist">
<lexUnit id="l1502" sense="1" source="core" namedEntity="no" artificial="no" styleMarking="no">
<orthForm>geistesgegenwärtig</orthForm>
</lexUnit>
</synset>
<synset id="s875" category="adj" class="Geist">
<lexUnit id="l1484" sense="1" source="core" namedEntity="no" artificial="no" styleMarking="no">
<orthForm>trottelhaft</orthForm>
</lexUnit>
<lexUnit id="l1485" sense="1" source="core" namedEntity="no" artificial="no" styleMarking="no">
<orthForm>trottelig</orthForm>
</lexUnit>
</synset>
<synset id="s85787" category="adj" class="Geist">
<lexUnit id="l115585" sense="1" source="core" namedEntity="no" artificial="no" styleMarking="no">
<orthForm>sachverständig</orthForm>
</lexUnit>
</synset>
<synset id="s164" category="adj" class="Geist">
<lexUnit id="l267" sense="1" source="core" namedEntity="no" artificial="no" styleMarking="no">
<orthForm>handlungsfähig</orthForm>
</lexUnit>
</synset>
<synset id="s104652" category="adj" class="Geist">
<lexUnit id="l139022" sense="1" source="core" namedEntity="no" artificial="no" styleMarking="no">
<orthForm>superschlau</orthForm>
</lexUnit>
</synset>
<synset id="s895" category="adj" class="Geist">
<lexUnit id="l1515" sense="1" source="core" namedEntity="no" artificial="no" styleMarking="no">
<orthForm>unzurechnungsfähig</orthForm>
</lexUnit>
<lexUnit id="l128321" sense="1" source="core" namedEntity="no" artificial="no" styleMarking="no">
<orthForm>zurechnungsunfähig</orthForm>
</lexUnit>
</synset>
<synset id="s952" category="adj" class="Geist">
<lexUnit id="l1603" sense="1" source="core" namedEntity="no" artificial="no" styleMarking="no">
<orthForm>belesen</orthForm>
</lexUnit>
<paraphrase>durch Lesen reich an Kenntnissen</paraphrase>
</synset>
<synset id="s128328" category="adj" class="Geist">
<lexUnit id="l168035" sense="1" source="core" namedEntity="no" artificial="no" styleMarking="no">
<orthForm>scharfäugig</orthForm>
</lexUnit>
</synset>
<synset id="s79697" category="adj" class="Geist">
<lexUnit id="l107996" sense="1" source="core" namedEntity="no" artificial="no" styleMarking="no">
<orthForm>kabarettistisch</orthForm>
</lexUnit>
</synset>
<synset id="s94848" category="adj" class="Geist">
<lexUnit id="l126767" sense="1" source="core" namedEntity="no" artificial="no" styleMarking="no">
<orthForm>gestanden</orthForm>
</lexUnit>
</synset>
<synset id="s915" category="adj" class="Geist">
<lexUnit id="l1545" sense="5" source="core" namedEntity="no" artificial="no" styleMarking="no">
<orthForm>erfahren</orthForm>
</lexUnit>
</synset>
<synset id="s95168" category="adj" class="Geist">
<lexUnit id="l127140" sense="1" source="core" namedEntity="no" artificial="no" styleMarking="no">
<orthForm>uneingeweiht</orthForm>
</lexUnit>
</synset>
<synset id="s2341" category="adj" class="Geist">
<lexUnit id="l3580" sense="1" source="core" namedEntity="no" artificial="no" styleMarking="no">
<orthForm>innerlich</orthForm>
</lexUnit>
</synset>
<synset id="s128210" category="adj" class="Geist">
<lexUnit id="l167912" sense="1" source="core" namedEntity="no" artificial="no" styleMarking="no">
<orthForm>regierungsunfähig</orthForm>
</lexUnit>
</synset>
<synset id="s950" category="adj" class="Geist">
<lexUnit id="l1601" sense="1" source="core" namedEntity="no" artificial="no" styleMarking="no">
<orthForm>fachkundig</orthForm>
</lexUnit>
<paraphrase>Kenntnisse in einem Fachgebiet besitzend</paraphrase>
</synset>
<synset id="s936" category="adj" class="Geist">
<lexUnit id="l1582" sense="1" source="core" namedEntity="no" artificial="no" styleMarking="no">
<orthForm>redegewandt</orthForm>
</lexUnit>
<lexUnit id="l1583" sense="1" source="core" namedEntity="no" artificial="no" styleMarking="no">
<orthForm>redebegabt</orthForm>
</lexUnit>
</synset>
<synset id="s860" category="adj" class="Geist">
<lexUnit id="l1455" sense="1" source="core" namedEntity="no" artificial="no" styleMarking="no">
<orthForm>gewitzt</orthForm>
</lexUnit>
<lexUnit id="l1456" sense="1" source="core" namedEntity="no" artificial="no" styleMarking="no">
<orthForm>gewieft</orthForm>
</lexUnit>
</synset>
<synset id="s127663" category="adj" class="Geist">
<lexUnit id="l167278" sense="1" source="core" namedEntity="no" artificial="no" styleMarking="no">
<orthForm>hochgelehrt</orthForm>
</lexUnit>
</synset>
<synset id="s1800" category="adj" class="Geist">
<lexUnit id="l2781" sense="1" source="core" namedEntity="no" artificial="no" styleMarking="no">
<orthForm>aufgeweckt</orthForm>
<example><text>ein aufgewecktes Kind</text></example>
</lexUnit>
<lexUnit id="l127594" sense="1" source="core" namedEntity="no" artificial="no" styleMarking="no">
<orthForm>geweckt</orthForm>
</lexUnit>
</synset>
<synset id="s941" category="adj" class="Geist">
<lexUnit id="l1589" sense="1" source="core" namedEntity="no" artificial="no" styleMarking="no">
<orthForm>gelehrt</orthForm>
</lexUnit>
<paraphrase>wissenschaftlich gebildet</paraphrase>
</synset>
<synset id="s124786" category="adj" class="Geist">
<lexUnit id="l163902" sense="1" source="core" namedEntity="no" artificial="no" styleMarking="no">
<orthForm>blitzgescheit</orthForm>
</lexUnit>
</synset>
<synset id="s78895" category="adj" class="Geist">
<lexUnit id="l107046" sense="1" source="core" namedEntity="no" artificial="no" styleMarking="no">
<orthForm>ausdrucksfähig</orthForm>
</lexUnit>
</synset>
<synset id="s127662" category="adj" class="Geist">
<lexUnit id="l167277" sense="1" source="core" namedEntity="no" artificial="no" styleMarking="no">
<orthForm>hochgeistig</orthForm>
</lexUnit>
</synset>
<synset id="s108909" category="adj" class="Geist">
<lexUnit id="l126395" sense="1" source="core" namedEntity="no" artificial="no" styleMarking="no">
<orthForm>stilsicher</orthForm>
</lexUnit>
</synset>
<synset id="s864" category="adj" class="Geist">
<lexUnit id="l1461" sense="1" source="core" namedEntity="no" artificial="no" styleMarking="no">
<orthForm>minderbemittelt</orthForm>
</lexUnit>
<lexUnit id="l1462" sense="1" source="core" namedEntity="no" artificial="no" styleMarking="no">
<orthForm>minderbegabt</orthForm>
</lexUnit>
</synset>
<synset id="s94316" category="adj" class="Geist">
<lexUnit id="l126107" sense="2" source="core" namedEntity="no" artificial="no" styleMarking="no">
<orthForm>wahnwitzig</orthForm>
</lexUnit>
</synset>
<synset id="s127922" category="adj" class="Geist">
<lexUnit id="l167580" sense="1" source="core" namedEntity="no" artificial="no" styleMarking="no">
<orthForm>weltklug</orthForm>
</lexUnit>
</synset>
<synset id="s78876" category="adj" class="Geist">
<lexUnit id="l107023" sense="2" source="core" namedEntity="no" artificial="no" styleMarking="no">
<orthForm>aufnahmefähig</orthForm>
</lexUnit>
<paraphrase>in der Lage etwas zu verstehen</paraphrase>
</synset>
<synset id="s911" category="adj" class="Geist">
<lexUnit id="l1539" sense="1" source="core" namedEntity="no" artificial="no" styleMarking="no">
<orthForm>allwissend</orthForm>
</lexUnit>
</synset>
<synset id="s866" category="adj" class="Geist">
<lexUnit id="l1465" sense="3" source="core" namedEntity="no" artificial="no" styleMarking="no">
<orthForm>dumm</orthForm>
</lexUnit>
</synset>
<synset id="s126434" category="adj" class="Geist">
<lexUnit id="l165840" sense="1" source="core" namedEntity="no" artificial="no" styleMarking="no">
<orthForm>entscheidungsfähig</orthForm>
</lexUnit>
</synset>
<synset id="s909" category="adj" class="Geist">
<lexUnit id="l1534" sense="1" source="core" namedEntity="no" artificial="no" styleMarking="no">
<orthForm>wissend</orthForm>
</lexUnit>
</synset>
<synset id="s108910" category="adj" class="Geist">
<lexUnit id="l144514" sense="1" source="core" namedEntity="no" artificial="no" styleMarking="no">
<orthForm>stilbewusst</orthForm>
<oldOrthForm>stilbewußt</oldOrthForm>
</lexUnit>
</synset>
<synset id="s938" category="adj" class="Geist">
<lexUnit id="l1586" sense="1" source="core" namedEntity="no" artificial="no" styleMarking="no">
<orthForm>kenntnisreich</orthForm>
</lexUnit>
<paraphrase>voller Kenntnis</paraphrase>
</synset>
<synset id="s127028" category="adj" class="Geist">
<lexUnit id="l166549" sense="1" source="core" namedEntity="no" artificial="no" styleMarking="no">
<orthForm>geschäftsunfähig</orthForm>
</lexUnit>
</synset>
<synset id="s828" category="adj" class="Geist">
<lexUnit id="l1405" sense="1" source="core" namedEntity="no" artificial="yes" styleMarking="no">
<orthForm>geistspezifisch</orthForm>
</lexUnit>
</synset>
<synset id="s78868" category="adj" class="Geist">
<lexUnit id="l107013" sense="1" source="core" namedEntity="no" artificial="no" styleMarking="no">
<orthForm>entwicklungsfähig</orthForm>
</lexUnit>
</synset>
<synset id="s78865" category="adj" class="Geist">
<lexUnit id="l107010" sense="1" source="core" namedEntity="no" artificial="no" styleMarking="no">
<orthForm>kampfunfähig</orthForm>
</lexUnit>
</synset>
<synset id="s94899" category="adj" class="Geist">
<lexUnit id="l126829" sense="1" source="core" namedEntity="no" artificial="no" styleMarking="no">
<orthForm>ungelernt</orthForm>
</lexUnit>
</synset>
<synset id="s96727" category="adj" class="Geist">
<lexUnit id="l128931" sense="2" source="core" namedEntity="no" artificial="no" styleMarking="no">
<orthForm>theoretisch</orthForm>
</lexUnit>
</synset>
<synset id="s86202" category="adj" class="Geist">
<lexUnit id="l116088" sense="1" source="core" namedEntity="no" artificial="no" styleMarking="no">
<orthForm>pantomimisch</orthForm>
</lexUnit>
</synset>
<synset id="s942" category="adj" class="Geist">
<lexUnit id="l1590" sense="1" source="core" namedEntity="no" artificial="no" styleMarking="no">
<orthForm>ausgebildet</orthForm>
</lexUnit>
</synset>
<synset id="s78851" category="adj" class="Geist">
<lexUnit id="l106994" sense="2" source="core" namedEntity="no" artificial="no" styleMarking="no">
<orthForm>kampffähig</orthForm>
</lexUnit>
<paraphrase>in der Lage zu kämpfen</paraphrase>
</synset>
<synset id="s78905" category="adj" class="Geist">
<lexUnit id="l107056" sense="1" source="core" namedEntity="no" artificial="no" styleMarking="no">
<orthForm>haftunfähig</orthForm>
</lexUnit>
</synset>
<synset id="s96363" category="adj" class="Geist">
<lexUnit id="l128523" sense="2" source="core" namedEntity="no" artificial="no" styleMarking="no">
<orthForm>geläufig</orthForm>
</lexUnit>
</synset>
<synset id="s78856" category="adj" class="Geist">
<lexUnit id="l107000" sense="1" source="core" namedEntity="no" artificial="no" styleMarking="no">
<orthForm>überlebensfähig</orthForm>
</lexUnit>
</synset>
<synset id="s128310" category="adj" class="Geist">
<lexUnit id="l168017" sense="1" source="core" namedEntity="no" artificial="no" styleMarking="no">
<orthForm>saudämlich</orthForm>
</lexUnit>
</synset>
<synset id="s78896" category="adj" class="Geist">
<lexUnit id="l107047" sense="1" source="core" namedEntity="no" artificial="no" styleMarking="no">
<orthForm>aktionsfähig</orthForm>
</lexUnit>
</synset>
<synset id="s127826" category="adj" class="Geist">
<lexUnit id="l167472" sense="1" source="core" namedEntity="no" artificial="no" styleMarking="no">
<orthForm>kompositionell</orthForm>
</lexUnit>
</synset>
<synset id="s95007" category="adj" class="Geist">
<lexUnit id="l126950" sense="1" source="core" namedEntity="no" artificial="no" styleMarking="no">
<orthForm>graduiert</orthForm>
</lexUnit>
</synset>
<synset id="s958" category="adj" class="Geist">
<lexUnit id="l1610" sense="1" source="core" namedEntity="no" artificial="no" styleMarking="yes">
<orthForm>inkompetent</orthForm>
</lexUnit>
</synset>
<synset id="s127906" category="adj" class="Geist">
<lexUnit id="l167564" sense="1" source="core" namedEntity="no" artificial="no" styleMarking="no">
<orthForm>landeskundig</orthForm>
</lexUnit>
</synset>
<synset id="s896" category="adj" class="Geist">
<lexUnit id="l1516" sense="1" source="core" namedEntity="no" artificial="no" styleMarking="no">
<orthForm>zerstreut</orthForm>
</lexUnit>
</synset>
<synset id="s932" category="adj" class="Geist">
<lexUnit id="l1577" sense="1" source="core" namedEntity="no" artificial="no" styleMarking="no">
<orthForm>hochbegabt</orthForm>
<orthVar>hoch begabt</orthVar>
</lexUnit>
</synset>
<synset id="s128886" category="adj" class="Geist">
<lexUnit id="l168650" sense="1" source="core" namedEntity="no" artificial="no" styleMarking="no">
<orthForm>gut unterrichtet</orthForm>
<orthVar>gutunterrichtet</orthVar>
</lexUnit>
</synset>
<synset id="s834" category="adj" class="Geist">
<lexUnit id="l1416" sense="1" source="core" namedEntity="no" artificial="no" styleMarking="no">
<orthForm>klug</orthForm>
</lexUnit>
<lexUnit id="l1417" sense="1" source="core" namedEntity="no" artificial="no" styleMarking="no">
<orthForm>intelligent</orthForm>
</lexUnit>
<lexUnit id="l1418" sense="1" source="core" namedEntity="no" artificial="no" styleMarking="no">
<orthForm>schlau</orthForm>
</lexUnit>
</synset>
<synset id="s948" category="adj" class="Geist">
<lexUnit id="l1598" sense="1" source="core" namedEntity="no" artificial="no" styleMarking="no">
<orthForm>kundig</orthForm>
</lexUnit>
<lexUnit id="l1599" sense="1" source="core" namedEntity="no" artificial="no" styleMarking="no">
<orthForm>kompetent</orthForm>
</lexUnit>
</synset>
<synset id="s128809" category="adj" class="Geist">
<lexUnit id="l168562" sense="1" source="core" namedEntity="no" artificial="no" styleMarking="no">
<orthForm>weltvergessen</orthForm>
</lexUnit>
<lexUnit id="l168563" sense="1" source="core" namedEntity="no" artificial="no" styleMarking="no">
<orthForm>weltentrückt</orthForm>
</lexUnit>
</synset>
<synset id="s893" category="adj" class="Geist">
<lexUnit id="l1512" sense="1" source="core" namedEntity="no" artificial="no" styleMarking="no">
<orthForm>gedankenverloren</orthForm>
</lexUnit>
<lexUnit id="l1513" sense="1" source="core" namedEntity="no" artificial="no" styleMarking="no">
<orthForm>gedankenversunken</orthForm>
</lexUnit>
<lexUnit id="l125931" sense="2" source="core" namedEntity="no" artificial="no" styleMarking="no">
<orthForm>abwesend</orthForm>
</lexUnit>
</synset>
<synset id="s961" category="adj" class="Geist">
<lexUnit id="l1613" sense="1" source="core" namedEntity="no" artificial="no" styleMarking="no">
<orthForm>unausgebildet</orthForm>
</lexUnit>
<lexUnit id="l1614" sense="1" source="core" namedEntity="no" artificial="no" styleMarking="no">
<orthForm>unqualifiziert</orthForm>
</lexUnit>
</synset>
<synset id="s128808" category="adj" class="Geist">
<lexUnit id="l168561" sense="1" source="core" namedEntity="no" artificial="no" styleMarking="no">
<orthForm>weltflüchtig</orthForm>
</lexUnit>
</synset>
<synset id="s85770" category="adj" class="Geist">
<lexUnit id="l115566" sense="1" source="core" namedEntity="no" artificial="no" styleMarking="no">
<orthForm>ortskundig</orthForm>
</lexUnit>
</synset>
<synset id="s96209" category="adj" class="Geist">
<lexUnit id="l128363" sense="2" source="core" namedEntity="no" artificial="no" styleMarking="no">
<orthForm>kompositorisch</orthForm>
</lexUnit>
</synset>
<synset id="s946" category="adj" class="Geist">
<lexUnit id="l1594" sense="1" source="core" namedEntity="no" artificial="no" styleMarking="no">
<orthForm>überqualifiziert</orthForm>
</lexUnit>
<lexUnit id="l1595" sense="1" source="core" namedEntity="no" artificial="no" styleMarking="no">
<orthForm>unterfordert</orthForm>
</lexUnit>
</synset>
<synset id="s124092" category="adj" class="Geist">
<lexUnit id="l163049" sense="1" source="core" namedEntity="no" artificial="no" styleMarking="no">
<orthForm>berufserfahren</orthForm>
</lexUnit>
</synset>
<synset id="s78897" category="adj" class="Geist">
<lexUnit id="l107048" sense="1" source="core" namedEntity="no" artificial="no" styleMarking="no">
<orthForm>beziehungsunfähig</orthForm>
</lexUnit>
</synset>
<synset id="s110713" category="adj" class="Geist">
<lexUnit id="l146953" sense="1" source="core" namedEntity="no" artificial="no" styleMarking="no">
<orthForm>lebensunerfahren</orthForm>
</lexUnit>
</synset>
<synset id="s127921" category="adj" class="Geist">
<lexUnit id="l167579" sense="1" source="core" namedEntity="no" artificial="no" styleMarking="no">
<orthForm>lebensklug</orthForm>
</lexUnit>
</synset>
<synset id="s888" category="adj" class="Geist">
<lexUnit id="l1505" sense="1" source="core" namedEntity="no" artificial="no" styleMarking="no">
<orthForm>hellhörig</orthForm>
</lexUnit>
</synset>
<synset id="s78879" category="adj" class="Geist">
<lexUnit id="l107026" sense="1" source="core" namedEntity="no" artificial="no" styleMarking="no">
<orthForm>empfindungsfähig</orthForm>
</lexUnit>
</synset>
<synset id="s840" category="adj" class="Geist">
<lexUnit id="l1428" sense="1" source="core" namedEntity="no" artificial="no" styleMarking="no">
<orthForm>kreativ</orthForm>
</lexUnit>
<lexUnit id="l1429" sense="1" source="core" namedEntity="no" artificial="no" styleMarking="no">
<orthForm>schöpferisch</orthForm>
</lexUnit>
</synset>
<synset id="s80515" category="adj" class="Geist">
<lexUnit id="l108944" sense="1" source="core" namedEntity="no" artificial="no" styleMarking="no">
<orthForm>geistesschwach</orthForm>
</lexUnit>
</synset>
<synset id="s883" category="adj" class="Geist">
<lexUnit id="l1500" sense="1" source="core" namedEntity="no" artificial="no" styleMarking="no">
<orthForm>wach</orthForm>
</lexUnit>
</synset>
<synset id="s935" category="adj" class="Geist">
<lexUnit id="l1581" sense="1" source="core" namedEntity="no" artificial="no" styleMarking="no">
<orthForm>sprachbegabt</orthForm>
</lexUnit>
</synset>
<synset id="s127898" category="adj" class="Geist">
<lexUnit id="l167554" sense="1" source="core" namedEntity="no" artificial="no" styleMarking="no">
<orthForm>kunstverständig</orthForm>
</lexUnit>
</synset>
<synset id="s126874" category="adj" class="Geist">
<lexUnit id="l166384" sense="1" source="core" namedEntity="no" artificial="no" styleMarking="no">
<orthForm>sternkundig</orthForm>
</lexUnit>
</synset>
<synset id="s904" category="adj" class="Geist">
<lexUnit id="l1528" sense="1" source="core" namedEntity="no" artificial="no" styleMarking="no">
<orthForm>paranoid</orthForm>
</lexUnit>
</synset>
<synset id="s944" category="adj" class="Geist">
<lexUnit id="l1592" sense="1" source="core" namedEntity="no" artificial="no" styleMarking="no">
<orthForm>studiert</orthForm>
</lexUnit>
<paraphrase>an einer Hochschule ausgebildet</paraphrase>
</synset>
<synset id="s128885" category="adj" class="Geist">
<lexUnit id="l168649" sense="1" source="core" namedEntity="no" artificial="no" styleMarking="no">
<orthForm>wohlunterrichtet</orthForm>
<orthVar>wohl unterrichtet</orthVar>
</lexUnit>
</synset>
<synset id="s93965" category="adj" class="Geist">
<lexUnit id="l125682" sense="1" source="core" namedEntity="no" artificial="no" styleMarking="no">
<orthForm>selbstvergessen</orthForm>
</lexUnit>
</synset>
<synset id="s128356" category="adj" class="Geist">
<lexUnit id="l168065" sense="1" source="core" namedEntity="no" artificial="no" styleMarking="no">
<orthForm>schriftlos</orthForm>
</lexUnit>
</synset>
<synset id="s96756" category="adj" class="Geist">
<lexUnit id="l128963" sense="3" source="core" namedEntity="no" artificial="no" styleMarking="no">
<orthForm>psychologisch</orthForm>
</lexUnit>
</synset>
<synset id="s939" category="adj" class="Geist">
<lexUnit id="l1587" sense="1" source="core" namedEntity="no" artificial="no" styleMarking="no">
<orthForm>gebildet</orthForm>
</lexUnit>
</synset>
<synset id="s128194" category="adj" class="Geist">
<lexUnit id="l167895" sense="1" source="core" namedEntity="no" artificial="no" styleMarking="no">
<orthForm>rechtsunkundig</orthForm>
</lexUnit>
</synset>
<synset id="s906" category="adj" class="Geist">
<lexUnit id="l1530" sense="1" source="core" namedEntity="no" artificial="yes" styleMarking="no">
<orthForm>wissensspezifisch</orthForm>
</lexUnit>
</synset>
<synset id="s843" category="adj" class="Geist">
<lexUnit id="l1433" sense="1" source="core" namedEntity="no" artificial="no" styleMarking="no">
<orthForm>gestalterisch</orthForm>
</lexUnit>
</synset>
<synset id="s956" category="adj" class="Geist">
<lexUnit id="l1607" sense="1" source="core" namedEntity="no" artificial="no" styleMarking="no">
<orthForm>kenntnislos</orthForm>
</lexUnit>
</synset>
<synset id="s128832" category="adj" class="Geist">
<lexUnit id="l168588" sense="1" source="core" namedEntity="no" artificial="no" styleMarking="no">
<orthForm>wissensbasiert</orthForm>
</lexUnit>
</synset>
<synset id="s852" category="adj" class="Geist">
<lexUnit id="l1443" sense="1" source="core" namedEntity="no" artificial="no" styleMarking="no">
<orthForm>weise</orthForm>
</lexUnit>
<lexUnit id="l1444" sense="1" source="core" namedEntity="no" artificial="no" styleMarking="no">
<orthForm>abgeklärt</orthForm>
</lexUnit>
<paraphrase>mit Weisheit</paraphrase>
</synset>
<synset id="s96540" category="adj" class="Geist">
<lexUnit id="l128717" sense="2" source="core" namedEntity="no" artificial="no" styleMarking="no">
<orthForm>sinnreich</orthForm>
</lexUnit>
</synset>
<synset id="s934" category="adj" class="Geist">
<lexUnit id="l1579" sense="1" source="core" namedEntity="no" artificial="no" styleMarking="no">
<orthForm>musikbegabt</orthForm>
</lexUnit>
<lexUnit id="l1580" sense="1" source="core" namedEntity="no" artificial="no" styleMarking="no">
<orthForm>musikalisch</orthForm>
</lexUnit>
<paraphrase>Begabung/Interesse für Musik besitzend</paraphrase>
</synset>
<synset id="s109414" category="adj" class="Geist">
<lexUnit id="l145165" sense="2" source="core" namedEntity="no" artificial="no" styleMarking="no">
<orthForm>koalitionsfähig</orthForm>
</lexUnit>
<paraphrase>in der Lage zu koalieren</paraphrase>
</synset>
<synset id="s951" category="adj" class="Geist">
<lexUnit id="l1602" sense="1" source="core" namedEntity="no" artificial="no" styleMarking="no">
<orthForm>fachkompetent</orthForm>
</lexUnit>
</synset>
<synset id="s839" category="adj" class="Geist">
<lexUnit id="l1427" sense="1" source="core" namedEntity="no" artificial="no" styleMarking="no">
<orthForm>erfinderisch</orthForm>
</lexUnit>
</synset>
<synset id="s94991" category="adj" class="Geist">
<lexUnit id="l126933" sense="1" source="core" namedEntity="no" artificial="no" styleMarking="no">
<orthForm>hochgebildet</orthForm>
</lexUnit>
</synset>
<synset id="s96358" category="adj" class="Geist">
<lexUnit id="l128517" sense="2" source="core" namedEntity="no" artificial="no" styleMarking="no">
<orthForm>simpel</orthForm>
</lexUnit>
</synset>
<synset id="s78602" category="adj" class="Geist">
<lexUnit id="l106700" sense="1" source="core" namedEntity="no" artificial="no" styleMarking="no">
<orthForm>komödiantisch</orthForm>
</lexUnit>
</synset>
<synset id="s96491" category="adj" class="Geist">
<lexUnit id="l128664" sense="3" source="core" namedEntity="no" artificial="no" styleMarking="no">
<orthForm>primitiv</orthForm>
</lexUnit>
</synset>
<synset id="s917" category="adj" class="Geist">
<lexUnit id="l1547" sense="1" source="core" namedEntity="no" artificial="no" styleMarking="no">
<orthForm>versiert</orthForm>
</lexUnit>
</synset>
<synset id="s94580" category="adj" class="Geist">
<lexUnit id="l126430" sense="1" source="core" namedEntity="no" artificial="no" styleMarking="no">
<orthForm>unaufgeklärt</orthForm>
</lexUnit>
</synset>
<synset id="s128761" category="adj" class="Geist">
<lexUnit id="l168514" sense="1" source="core" namedEntity="no" artificial="no" styleMarking="no">
<orthForm>verkopft</orthForm>
</lexUnit>
</synset>
<synset id="s126936" category="adj" class="Geist">
<lexUnit id="l166450" sense="1" source="core" namedEntity="no" artificial="no" styleMarking="no">
<orthForm>fantasiebegabt</orthForm>
</lexUnit>
</synset>
<synset id="s930" category="adj" class="Geist">
<lexUnit id="l1572" sense="1" source="core" namedEntity="no" artificial="no" styleMarking="no">
<orthForm>talentiert</orthForm>
</lexUnit>
<lexUnit id="l1573" sense="1" source="core" namedEntity="no" artificial="no" styleMarking="no">
<orthForm>begabt</orthForm>
</lexUnit>
<paraphrase>ein gewisses Talent/eine bestimmte Begabung besitzend</paraphrase>
</synset>
<synset id="s903" category="adj" class="Geist">
<lexUnit id="l1527" sense="1" source="core" namedEntity="no" artificial="no" styleMarking="no">
<orthForm>besessen</orthForm>
</lexUnit>
</synset>
<synset id="s886" category="adj" class="Geist">
<lexUnit id="l1503" sense="2" source="core" namedEntity="no" artificial="no" styleMarking="no">
<orthForm>zurechnungsfähig</orthForm>
</lexUnit>
</synset>
<synset id="s128134" category="adj" class="Geist">
<lexUnit id="l167824" sense="1" source="core" namedEntity="no" artificial="no" styleMarking="no">
<orthForm>pointenreich</orthForm>
</lexUnit>
</synset>
<synset id="s78255" category="adj" class="Geist">
<lexUnit id="l106315" sense="2" source="core" namedEntity="no" artificial="no" styleMarking="no">
<orthForm>unfertig</orthForm>
</lexUnit>
</synset>
<synset id="s858" category="adj" class="Geist">
<lexUnit id="l1451" sense="1" source="core" namedEntity="no" artificial="no" styleMarking="no">
<orthForm>vergeistigt</orthForm>
</lexUnit>
</synset>
<synset id="s857" category="adj" class="Geist">
<lexUnit id="l106816" sense="1" source="core" namedEntity="no" artificial="no" styleMarking="no">
<orthForm>listenreich</orthForm>
</lexUnit>
<lexUnit id="l106907" sense="1" source="core" namedEntity="no" artificial="no" styleMarking="no">
<orthForm>fintenreich</orthForm>
</lexUnit>
<lexUnit id="l1449" sense="1" source="core" namedEntity="no" artificial="no" styleMarking="no">
<orthForm>listig</orthForm>
</lexUnit>
<lexUnit id="l1450" sense="1" source="core" namedEntity="no" artificial="no" styleMarking="no">
<orthForm>trickreich</orthForm>
</lexUnit>
</synset>
<synset id="s105609" category="adj" class="Geist">
<lexUnit id="l140357" sense="1" source="core" namedEntity="no" artificial="no" styleMarking="no">
<orthForm>ortsfremd</orthForm>
</lexUnit>
</synset>
<synset id="s902" category="adj" class="Geist">
<lexUnit id="l1523" sense="1" source="core" namedEntity="no" artificial="no" styleMarking="no">
<orthForm>wahnsinnig</orthForm>
</lexUnit>
<lexUnit id="l1525" sense="1" source="core" namedEntity="no" artificial="no" styleMarking="no">
<orthForm>geisteskrank</orthForm>
</lexUnit>
<lexUnit id="l1526" sense="1" source="core" namedEntity="no" artificial="no" styleMarking="no">
<orthForm>irrsinnig</orthForm>
</lexUnit>
<lexUnit id="l1524" sense="1" source="core" namedEntity="no" artificial="no" styleMarking="no">
<orthForm>irre</orthForm>
<orthVar>irr</orthVar>
</lexUnit>
</synset>
<synset id="s848" category="adj" class="Geist">
<lexUnit id="l1438" sense="1" source="core" namedEntity="no" artificial="no" styleMarking="no">
<orthForm>dichterisch</orthForm>
</lexUnit>
</synset>
<synset id="s99755" category="adj" class="Geist">
<lexUnit id="l132652" sense="1" source="core" namedEntity="no" artificial="no" styleMarking="no">
<orthForm>spruchreif</orthForm>
</lexUnit>
</synset>
<synset id="s829" category="adj" class="Geist">
<lexUnit id="l1406" sense="1" source="core" namedEntity="no" artificial="yes" styleMarking="no">
<orthForm>intelligenzspezifisch</orthForm>
</lexUnit>
</synset>
<synset id="s920" category="adj" class="Geist">
<lexUnit id="l1551" sense="1" source="core" namedEntity="no" artificial="no" styleMarking="no">
<orthForm>erprobt</orthForm>
</lexUnit>
<lexUnit id="l1552" sense="1" source="core" namedEntity="no" artificial="no" styleMarking="no">
<orthForm>bewährt</orthForm>
</lexUnit>
<lexUnit id="l1553" sense="1" source="core" namedEntity="no" artificial="no" styleMarking="no">
<orthForm>probat</orthForm>
</lexUnit>
</synset>
<synset id="s94321" category="adj" class="Geist">
<lexUnit id="l126113" sense="1" source="core" namedEntity="no" artificial="no" styleMarking="no">
<orthForm>fachmännisch</orthForm>
</lexUnit>
</synset>
<synset id="s127027" category="adj" class="Geist">
<lexUnit id="l166548" sense="1" source="core" namedEntity="no" artificial="no" styleMarking="no">
<orthForm>geschäftsfähig</orthForm>
</lexUnit>
</synset>
<synset id="s844" category="adj" class="Geist">
<lexUnit id="l1434" sense="1" source="core" namedEntity="no" artificial="no" styleMarking="no">
<orthForm>künstlerisch</orthForm>
</lexUnit>
</synset>
<synset id="s95166" category="adj" class="Geist">
<lexUnit id="l127138" sense="1" source="core" namedEntity="no" artificial="no" styleMarking="no">
<orthForm>freidenkerisch</orthForm>
</lexUnit>
</synset>
<synset id="s108849" category="adj" class="Geist">
<lexUnit id="l144444" sense="1" source="core" namedEntity="no" artificial="no" styleMarking="no">
<orthForm>bibelfest</orthForm>
</lexUnit>
</synset>
<synset id="s897" category="adj" class="Geist">
<lexUnit id="l1517" sense="1" source="core" namedEntity="no" artificial="no" styleMarking="no">
<orthForm>vergesslich</orthForm>
<oldOrthForm>vergeßlich</oldOrthForm>
</lexUnit>
</synset>
<synset id="s78845" category="adj" class="Geist">
<lexUnit id="l106988" sense="1" source="core" namedEntity="no" artificial="no" styleMarking="no">
<orthForm>erwerbsfähig</orthForm>
</lexUnit>
<lexUnit id="l107072" sense="1" source="core" namedEntity="no" artificial="no" styleMarking="no">
<orthForm>dienstfähig</orthForm>
</lexUnit>
</synset>
<synset id="s863" category="adj" class="Geist">
<lexUnit id="l1460" sense="1" source="core" namedEntity="no" artificial="no" styleMarking="no">
<orthForm>erleuchtet</orthForm>
</lexUnit>
</synset>
<synset id="s95351" category="adj" class="Geist">
<lexUnit id="l127365" sense="1" source="core" namedEntity="no" artificial="no" styleMarking="no">
<orthForm>analphabetisch</orthForm>
</lexUnit>
</synset>
<synset id="s945" category="adj" class="Geist">
<lexUnit id="l1593" sense="1" source="core" namedEntity="no" artificial="no" styleMarking="no">
<orthForm>qualifiziert</orthForm>
</lexUnit>
</synset>
<synset id="s78892" category="adj" class="Geist">
<lexUnit id="l107043" sense="1" source="core" namedEntity="no" artificial="no" styleMarking="no">
<orthForm>urteilsfähig</orthForm>
</lexUnit>
</synset>
<synset id="s907" category="adj" class="Geist">
<lexUnit id="l1531" sense="1" source="core" namedEntity="no" artificial="no" styleMarking="no">
<orthForm>denkend</orthForm>
</lexUnit>
</synset>
<synset id="s110981" category="adj" class="Geist">
<lexUnit id="l147292" sense="1" source="core" namedEntity="no" artificial="no" styleMarking="no">
<orthForm>welterfahren</orthForm>
</lexUnit>
</synset>
<synset id="s855" category="adj" class="Geist">
<lexUnit id="l1447" sense="1" source="core" namedEntity="no" artificial="no" styleMarking="no">
<orthForm>gescheit</orthForm>
</lexUnit>
</synset>
<synset id="s108908" category="adj" class="Geist">
<lexUnit id="l144512" sense="1" source="core" namedEntity="no" artificial="no" styleMarking="no">
<orthForm>geschmackssicher</orthForm>
</lexUnit>
</synset>
<synset id="s78907" category="adj" class="Geist">
<lexUnit id="l107058" sense="1" source="core" namedEntity="no" artificial="no" styleMarking="no">
<orthForm>multitaskingfähig</orthForm>
</lexUnit>
<paraphrase>in der Lage mehrere Dinge gleichzeitig zu tun</paraphrase>
</synset>
<synset id="s953" category="adj" class="Geist">
<lexUnit id="l1604" sense="1" source="core" namedEntity="no" artificial="no" styleMarking="no">
<orthForm>unwissend</orthForm>
</lexUnit>
</synset>
<synset id="s95255" category="adj" class="Geist">
<lexUnit id="l127254" sense="1" source="core" namedEntity="no" artificial="no" styleMarking="no">
<orthForm>dusselig</orthForm>
</lexUnit>
<lexUnit id="l127255" sense="1" source="core" namedEntity="no" artificial="no" styleMarking="no">
<orthForm>dusslig</orthForm>
</lexUnit>
</synset>
<synset id="s78901" category="adj" class="Geist">
<lexUnit id="l107052" sense="1" source="core" namedEntity="no" artificial="no" styleMarking="no">
<orthForm>kritikfähig</orthForm>
</lexUnit>
</synset>
<synset id="s871" category="adj" class="Geist">
<lexUnit id="l1475" sense="1" source="core" namedEntity="no" artificial="no" styleMarking="yes">
<orthForm>saudoof</orthForm>
</lexUnit>
<lexUnit id="l1476" sense="1" source="core" namedEntity="no" artificial="no" styleMarking="yes">
<orthForm>saudumm</orthForm>
</lexUnit>
<lexUnit id="l1477" sense="1" source="core" namedEntity="no" artificial="no" styleMarking="yes">
<orthForm>saublöd</orthForm>
</lexUnit>
</synset>
<synset id="s859" category="adj" class="Geist">
<lexUnit id="l1452" sense="1" source="core" namedEntity="no" artificial="no" styleMarking="no">
<orthForm>alert</orthForm>
</lexUnit>
<lexUnit id="l1453" sense="1" source="core" namedEntity="no" artificial="no" styleMarking="no">
<orthForm>clever</orthForm>
</lexUnit>
<lexUnit id="l1454" sense="1" source="core" namedEntity="no" artificial="no" styleMarking="no">
<orthForm>auf Zack</orthForm>
</lexUnit>
</synset>
<synset id="s847" category="adj" class="Geist">
<lexUnit id="l1437" sense="1" source="core" namedEntity="no" artificial="no" styleMarking="no">
<orthForm>schriftstellerisch</orthForm>
</lexUnit>
</synset>
<synset id="s126848" category="adj" class="Geist">
<lexUnit id="l166350" sense="2" source="core" namedEntity="no" artificial="no" styleMarking="no">
<orthForm>berufen</orthForm>
</lexUnit>
</synset>
<synset id="s876" category="adj" class="Geist">
<lexUnit id="l108439" sense="1" source="core" namedEntity="no" artificial="no" styleMarking="no">
<orthForm>stupid</orthForm>
<orthVar>stupide</orthVar>
</lexUnit>
<lexUnit id="l1486" sense="1" source="core" namedEntity="no" artificial="no" styleMarking="no">
<orthForm>beschränkt</orthForm>
</lexUnit>
</synset>
<synset id="s95954" category="adj" class="Geist">
<lexUnit id="l128077" sense="1" source="core" namedEntity="no" artificial="no" styleMarking="no">
<orthForm>sprachkundig</orthForm>
</lexUnit>
</synset>
<synset id="s95707" category="adj" class="Geist">
<lexUnit id="l127788" sense="1" source="core" namedEntity="no" artificial="no" styleMarking="no">
<orthForm>wahnhaft</orthForm>
</lexUnit>
</synset>
<synset id="s836" category="adj" class="Geist">
<lexUnit id="l1420" sense="1" source="core" namedEntity="no" artificial="no" styleMarking="no">
<orthForm>scharfsinnig</orthForm>
</lexUnit>
<lexUnit id="l1421" sense="1" source="core" namedEntity="no" artificial="no" styleMarking="no">
<orthForm>brillant</orthForm>
</lexUnit>
<paraphrase>mit Scharfsinn</paraphrase>
</synset>
<synset id="s849" category="adj" class="Geist">
<lexUnit id="l1439" sense="1" source="core" namedEntity="no" artificial="no" styleMarking="no">
<orthForm>erzählerisch</orthForm>
</lexUnit>
<lexUnit id="l1440" sense="1" source="core" namedEntity="no" artificial="no" styleMarking="no">
<orthForm>narrativ</orthForm>
</lexUnit>
</synset>
<synset id="s128063" category="adj" class="Geist">
<lexUnit id="l167747" sense="1" source="core" namedEntity="no" artificial="no" styleMarking="no">
<orthForm>seelisch-geistig</orthForm>
</lexUnit>
</synset>
<synset id="s918" category="adj" class="Geist">
<lexUnit id="l1548" sense="1" source="core" namedEntity="no" artificial="no" styleMarking="no">
<orthForm>weitgereist</orthForm>
</lexUnit>
<lexUnit id="l1549" sense="1" source="core" namedEntity="no" artificial="no" styleMarking="no">
<orthForm>weltmännisch</orthForm>
</lexUnit>
</synset>
<synset id="s3251" category="adj" class="Geist">
<lexUnit id="l4750" sense="1" source="core" namedEntity="no" artificial="no" styleMarking="no">
<orthForm>ahnungslos</orthForm>
</lexUnit>
<lexUnit id="l125371" sense="1" source="core" namedEntity="no" artificial="no" styleMarking="no">
<orthForm>nichtsahnend</orthForm>
</lexUnit>
</synset>
<synset id="s845" category="adj" class="Geist">
<lexUnit id="l107194" sense="1" source="core" namedEntity="no" artificial="no" styleMarking="no">
<orthForm>darstellerisch</orthForm>
</lexUnit>
<lexUnit id="l1435" sense="1" source="core" namedEntity="no" artificial="no" styleMarking="no">
<orthForm>schauspielerisch</orthForm>
</lexUnit>
</synset>
<synset id="s128807" category="adj" class="Geist">
<lexUnit id="l168560" sense="1" source="core" namedEntity="no" artificial="no" styleMarking="no">
<orthForm>eskapistisch</orthForm>
</lexUnit>
</synset>
<synset id="s78910" category="adj" class="Geist">
<lexUnit id="l107063" sense="1" source="core" namedEntity="no" artificial="no" styleMarking="no">
<orthForm>bindungsfähig</orthForm>
</lexUnit>
</synset>
<synset id="s933" category="adj" class="Geist">
<lexUnit id="l1578" sense="1" source="core" namedEntity="no" artificial="no" styleMarking="no">
<orthForm>begnadet</orthForm>
</lexUnit>
</synset>
<synset id="s868" category="adj" class="Geist">
<lexUnit id="l1470" sense="1" source="core" namedEntity="no" artificial="no" styleMarking="no">
<orthForm>schwachsinnig</orthForm>
</lexUnit>
</synset>
<synset id="s95674" category="adj" class="Geist">
<lexUnit id="l127749" sense="1" source="core" namedEntity="no" artificial="no" styleMarking="no">
<orthForm>rechtskundig</orthForm>
</lexUnit>
</synset>
<synset id="s109357" category="adj" class="Geist">
<lexUnit id="l1570" sense="1" source="core" namedEntity="no" artificial="no" styleMarking="no">
<orthForm>befähigt</orthForm>
</lexUnit>
</synset>
<synset id="s172" category="adj" class="Geist">
<lexUnit id="l107007" sense="1" source="core" namedEntity="no" artificial="no" styleMarking="no">
<orthForm>schuldfähig</orthForm>
</lexUnit>
<lexUnit id="l280" sense="1" source="core" namedEntity="no" artificial="no" styleMarking="no">
<orthForm>zurechnungsfähig</orthForm>
</lexUnit>
<paraphrase>besitzt Eigenschaften um Schuld auf sich zu laden</paraphrase>
</synset>
<synset id="s955" category="adj" class="Geist">
<lexUnit id="l1606" sense="2" source="core" namedEntity="no" artificial="no" styleMarking="no">
<orthForm>unfähig</orthForm>
</lexUnit>
</synset>
<synset id="s108912" category="adj" class="Geist">
<lexUnit id="l144516" sense="1" source="core" namedEntity="no" artificial="no" styleMarking="no">
<orthForm>gesundheitsbewusst</orthForm>
<oldOrthForm>gesundheitsbewußt</oldOrthForm>
</lexUnit>
</synset>
<synset id="s94052" category="adj" class="Geist">
<lexUnit id="l125782" sense="1" source="core" namedEntity="no" artificial="no" styleMarking="no">
<orthForm>uninformiert</orthForm>
</lexUnit>
</synset>
<synset id="s122433" category="adj" class="Geist">
<lexUnit id="l161088" sense="1" source="core" namedEntity="no" artificial="no" styleMarking="no">
<orthForm>bauernschlau</orthForm>
</lexUnit>
</synset>
<synset id="s95031" category="adj" class="Geist">
<lexUnit id="l126980" sense="1" source="core" namedEntity="no" artificial="no" styleMarking="no">
<orthForm>hochintelligent</orthForm>
</lexUnit>
</synset>
<synset id="s877" category="adj" class="Geist">
<lexUnit id="l1487" sense="1" source="core" namedEntity="no" artificial="no" styleMarking="yes">
<orthForm>behämmert</orthForm>
</lexUnit>
<lexUnit id="l1488" sense="1" source="core" namedEntity="no" artificial="no" styleMarking="yes">
<orthForm>bescheuert</orthForm>
</lexUnit>
<lexUnit id="l1489" sense="2" source="core" namedEntity="no" artificial="no" styleMarking="yes">
<orthForm>beknackt</orthForm>
</lexUnit>
<lexUnit id="l1490" sense="1" source="core" namedEntity="no" artificial="no" styleMarking="yes">
<orthForm>belämmert</orthForm>
</lexUnit>
</synset>
<synset id="s878" category="adj" class="Geist">
<lexUnit id="l1491" sense="1" source="core" namedEntity="no" artificial="no" styleMarking="no">
<orthForm>begriffsstutzig</orthForm>
</lexUnit>
</synset>
<synset id="s126861" category="adj" class="Geist">
<lexUnit id="l166368" sense="1" source="core" namedEntity="no" artificial="no" styleMarking="no">
<orthForm>stadtkundig</orthForm>
</lexUnit>
</synset>
<synset id="s96323" category="adj" class="Geist">
<lexUnit id="l128480" sense="2" source="core" namedEntity="no" artificial="no" styleMarking="no">
<orthForm>malerisch</orthForm>
</lexUnit>
</synset>
<synset id="s95785" category="adj" class="Geist">
<lexUnit id="l127871" sense="1" source="core" namedEntity="no" artificial="no" styleMarking="no">
<orthForm>ortsunkundig</orthForm>
</lexUnit>
</synset>
<synset id="s109184" category="adj" class="Geist">
<lexUnit id="l6530" sense="1" source="core" namedEntity="no" artificial="no" styleMarking="no">
<orthForm>liebesfähig</orthForm>
</lexUnit>
</synset>
<synset id="s835" category="adj" class="Geist">
<lexUnit id="l1419" sense="1" source="core" namedEntity="no" artificial="no" styleMarking="no">
<orthForm>unintelligent</orthForm>
</lexUnit>
</synset>
<synset id="s78320" category="adj" class="Geist">
<lexUnit id="l106387" sense="1" source="core" namedEntity="no" artificial="no" styleMarking="no">
<orthForm>platonisch</orthForm>
</lexUnit>
</synset>
<synset id="s889" category="adj" class="Geist">
<lexUnit id="l1506" sense="1" source="core" namedEntity="no" artificial="no" styleMarking="no">
<orthForm>schnell</orthForm>
</lexUnit>
</synset>
<synset id="s128741" category="adj" class="Geist">
<lexUnit id="l168494" sense="1" source="core" namedEntity="no" artificial="no" styleMarking="no">
<orthForm>zauberkundig</orthForm>
</lexUnit>
</synset>
<synset id="s78783" category="adj" class="Geist">
<lexUnit id="l106914" sense="1" source="core" namedEntity="no" artificial="no" styleMarking="no">
<orthForm>finessenreich</orthForm>
</lexUnit>
</synset>
<synset id="s929" category="adj" class="Geist">
<lexUnit id="l1571" sense="1" source="core" namedEntity="no" artificial="no" styleMarking="no">
<orthForm>lernfähig</orthForm>
</lexUnit>
</synset>
<synset id="s111192" category="adj" class="Geist">
<lexUnit id="l147538" sense="1" source="core" namedEntity="no" artificial="no" styleMarking="no">
<orthForm>innerpsychisch</orthForm>
</lexUnit>
</synset>
<synset id="s910" category="adj" class="Geist">
<lexUnit id="l1536" sense="1" source="core" namedEntity="no" artificial="no" styleMarking="no">
<orthForm>eingeweiht</orthForm>
</lexUnit>
<lexUnit id="l1537" sense="1" source="core" namedEntity="no" artificial="no" styleMarking="no">
<orthForm>informiert</orthForm>
</lexUnit>
<lexUnit id="l1538" sense="1" source="core" namedEntity="no" artificial="no" styleMarking="no">
<orthForm>unterrichtet</orthForm>
</lexUnit>
</synset>
<synset id="s78927" category="adj" class="Geist">
<lexUnit id="l107084" sense="1" source="core" namedEntity="no" artificial="no" styleMarking="no">
<orthForm>berufsunfähig</orthForm>
</lexUnit>
</synset>
<synset id="s108550" category="adj" class="Geist">
<lexUnit id="l144098" sense="1" source="core" namedEntity="no" artificial="no" styleMarking="no">
<orthForm>blödsinnig</orthForm>
</lexUnit>
</synset>
<synset id="s865" category="adj" class="Geist">
<lexUnit id="l1464" sense="1" source="core" namedEntity="no" artificial="no" styleMarking="yes">
<orthForm>unterbelichtet</orthForm>
</lexUnit>
</synset>
<synset id="s128421" category="adj" class="Geist">
<lexUnit id="l168146" sense="1" source="core" namedEntity="no" artificial="no" styleMarking="no">
<orthForm>sicherheitsbewusst</orthForm>
<oldOrthForm>sicherheitsbewußt</oldOrthForm>
</lexUnit>
</synset>
<synset id="s128165" category="adj" class="Geist">
<lexUnit id="l167860" sense="1" source="core" namedEntity="no" artificial="no" styleMarking="no">
<orthForm>qualitätsbewusst</orthForm>
<oldOrthForm>qualitätsbewußt</oldOrthForm>
</lexUnit>
</synset>
<synset id="s962" category="adj" class="Geist">
<lexUnit id="l1615" sense="2" source="core" namedEntity="no" artificial="no" styleMarking="no">
<orthForm>ratlos</orthForm>
</lexUnit>
<paraphrase>ohne Rat</paraphrase>
</synset>
<synset id="s78917" category="adj" class="Geist">
<lexUnit id="l107070" sense="1" source="core" namedEntity="no" artificial="no" styleMarking="no">
<orthForm>erwerbsunfähig</orthForm>
</lexUnit>
<lexUnit id="l107071" sense="1" source="core" namedEntity="no" artificial="no" styleMarking="no">
<orthForm>dienstunfähig</orthForm>
</lexUnit>
</synset>
<synset id="s80511" category="adj" class="Geist">
<lexUnit id="l108940" sense="1" source="core" namedEntity="no" artificial="no" styleMarking="no">
<orthForm>lernschwach</orthForm>
</lexUnit>
</synset>
<synset id="s125563" category="adj" class="Geist">
<lexUnit id="l1412" sense="1" source="core" namedEntity="no" artificial="no" styleMarking="no">
<orthForm>gelernt</orthForm>
</lexUnit>
</synset>
<synset id="s913" category="adj" class="Geist">
<lexUnit id="l1541" sense="1" source="core" namedEntity="no" artificial="no" styleMarking="no">
<orthForm>bewusst</orthForm>
<oldOrthForm>bewußt</oldOrthForm>
</lexUnit>
<paraphrase>im Bewusstsein, klar erkennend</paraphrase>
</synset>
<synset id="s870" category="adj" class="Geist">
<lexUnit id="l1474" sense="1" source="core" namedEntity="no" artificial="no" styleMarking="yes">
<orthForm>ignorant</orthForm>
</lexUnit>
</synset>
<synset id="s908" category="adj" class="Geist">
<lexUnit id="l1533" sense="1" source="core" namedEntity="no" artificial="no" styleMarking="no">
<orthForm>gedanklich</orthForm>
</lexUnit>
</synset>
<synset id="s882" category="adj" class="Geist">
<lexUnit id="l1498" sense="1" source="core" namedEntity="no" artificial="no" styleMarking="no">
<orthForm>aufmerksam</orthForm>
</lexUnit>
<lexUnit id="l1499" sense="1" source="core" namedEntity="no" artificial="no" styleMarking="no">
<orthForm>konzentriert</orthForm>
</lexUnit>
</synset>
<synset id="s851" category="adj" class="Geist">
<lexUnit id="l1442" sense="1" source="core" namedEntity="no" artificial="no" styleMarking="no">
<orthForm>geistreich</orthForm>
</lexUnit>
<lexUnit id="l116039" sense="1" source="core" namedEntity="no" artificial="no" styleMarking="no">
<orthForm>geistvoll</orthForm>
</lexUnit>
</synset>
<synset id="s94059" category="adj" class="Geist">
<lexUnit id="l125790" sense="1" source="core" namedEntity="no" artificial="no" styleMarking="no">
<orthForm>freigeistig</orthForm>
</lexUnit>
</synset>
<synset id="s105574" category="adj" class="Geist">
<lexUnit id="l140314" sense="1" source="core" namedEntity="no" artificial="no" styleMarking="no">
<orthForm>witzig</orthForm>
</lexUnit>
</synset>
<synset id="s960" category="adj" class="Geist">
<lexUnit id="l1612" sense="1" source="core" namedEntity="no" artificial="no" styleMarking="no">
<orthForm>bildungsfern</orthForm>
</lexUnit>
</synset>
<synset id="s873" category="adj" class="Geist">
<lexUnit id="l1480" sense="1" source="core" namedEntity="no" artificial="no" styleMarking="no">
<orthForm>idiotenhaft</orthForm>
</lexUnit>
<lexUnit id="l1481" sense="1" source="core" namedEntity="no" artificial="no" styleMarking="no">
<orthForm>idiotisch</orthForm>
</lexUnit>
</synset>
<synset id="s919" category="adj" class="Geist">
<lexUnit id="l1550" sense="1" source="core" namedEntity="no" artificial="no" styleMarking="no">
<orthForm>lebenserfahren</orthForm>
</lexUnit>
</synset>
<synset id="s947" category="adj" class="Geist">
<lexUnit id="l1596" sense="1" source="core" namedEntity="no" artificial="no" styleMarking="no">
<orthForm>unterqualifiziert</orthForm>
</lexUnit>
<lexUnit id="l1597" sense="2" source="core" namedEntity="no" artificial="no" styleMarking="no">
<orthForm>überfordert</orthForm>
</lexUnit>
</synset>
<synset id="s891" category="adj" class="Geist">
<lexUnit id="l1508" sense="1" source="core" namedEntity="no" artificial="no" styleMarking="no">
<orthForm>unaufmerksam</orthForm>
</lexUnit>
<lexUnit id="l1509" sense="1" source="core" namedEntity="no" artificial="no" styleMarking="no">
<orthForm>unkonzentriert</orthForm>
</lexUnit>
</synset>
<synset id="s921" category="adj" class="Geist">
<lexUnit id="l1554" sense="1" source="core" namedEntity="no" artificial="no" styleMarking="no">
<orthForm>altbewährt</orthForm>
</lexUnit>
<lexUnit id="l1555" sense="1" source="core" namedEntity="no" artificial="no" styleMarking="no">
<orthForm>traditionsreich</orthForm>
</lexUnit>
</synset>
<synset id="s108907" category="adj" class="Geist">
<lexUnit id="l144511" sense="1" source="core" namedEntity="no" artificial="no" styleMarking="no">
<orthForm>geschichtsblind</orthForm>
</lexUnit>
</synset>
<synset id="s78903" category="adj" class="Geist">
<lexUnit id="l107054" sense="1" source="core" namedEntity="no" artificial="no" styleMarking="no">
<orthForm>dialogfähig</orthForm>
</lexUnit>
</synset>
<synset id="s110991" category="adj" class="Geist">
<lexUnit id="l147302" sense="1" source="core" namedEntity="no" artificial="no" styleMarking="no">
<orthForm>wohlinformiert</orthForm>
</lexUnit>
</synset>
<synset id="s96432" category="adj" class="Geist">
<lexUnit id="l128594" sense="1" source="core" namedEntity="no" artificial="no" styleMarking="no">
<orthForm>firm</orthForm>
</lexUnit>
</synset>
<synset id="s95364" category="adj" class="Geist">
<lexUnit id="l127384" sense="1" source="core" namedEntity="no" artificial="no" styleMarking="no">
<orthForm>rechtsgelehrt</orthForm>
</lexUnit>
</synset>
<synset id="s925" category="adj" class="Geist">
<lexUnit id="l1563" sense="1" source="core" namedEntity="no" artificial="no" styleMarking="no">
<orthForm>krisenerprobt</orthForm>
</lexUnit>
<lexUnit id="l1564" sense="1" source="core" namedEntity="no" artificial="no" styleMarking="no">
<orthForm>krisenerfahren</orthForm>
</lexUnit>
</synset>
<synset id="s928" category="adj" class="Geist">
<lexUnit id="l1569" sense="2" source="core" namedEntity="no" artificial="no" styleMarking="no">
<orthForm>fähig</orthForm>
</lexUnit>
<paraphrase>in der Lage etwas zu tun</paraphrase>
</synset>
<synset id="s924" category="adj" class="Geist">
<lexUnit id="l1560" sense="1" source="core" namedEntity="no" artificial="no" styleMarking="no">
<orthForm>bewandert</orthForm>
</lexUnit>
<lexUnit id="l1561" sense="3" source="core" namedEntity="no" artificial="no" styleMarking="no">
<orthForm>beschlagen</orthForm>
</lexUnit>
<lexUnit id="l1562" sense="1" source="core" namedEntity="no" artificial="no" styleMarking="no">
<orthForm>geübt</orthForm>
</lexUnit>
</synset>
<synset id="s899" category="adj" class="Geist">
<lexUnit id="l1520" sense="1" source="core" namedEntity="no" artificial="no" styleMarking="no">
<orthForm>verträumt</orthForm>
<example><text>Sie hörte ihm verträumt zu</text></example>
</lexUnit>
<lexUnit id="l125681" sense="1" source="core" namedEntity="no" artificial="no" styleMarking="no">
<orthForm>träumerisch</orthForm>
</lexUnit>
</synset>
<synset id="s940" category="adj" class="Geist">
<lexUnit id="l1588" sense="1" source="core" namedEntity="no" artificial="no" styleMarking="no">
<orthForm>intellektuell</orthForm>
</lexUnit>
</synset>
<synset id="s80275" category="adj" class="Geist">
<lexUnit id="l108678" sense="1" source="core" namedEntity="no" artificial="no" styleMarking="no">
<orthForm>rezeptiv</orthForm>
</lexUnit>
</synset>
<synset id="s96772" category="adj" class="Geist">
<lexUnit id="l128980" sense="2" source="core" namedEntity="no" artificial="no" styleMarking="no">
<orthForm>gegenwärtig</orthForm>
</lexUnit>
<lexUnit id="l128981" sense="2" source="core" namedEntity="no" artificial="no" styleMarking="no">
<orthForm>präsent</orthForm>
</lexUnit>
<paraphrase>sich etwas bewusst sein</paraphrase>
</synset>
<synset id="s94864" category="adj" class="Geist">
<lexUnit id="l126783" sense="1" source="core" namedEntity="no" artificial="no" styleMarking="no">
<orthForm>hochqualifiziert</orthForm>
</lexUnit>
</synset>
<synset id="s959" category="adj" class="Geist">
<lexUnit id="l1611" sense="1" source="core" namedEntity="no" artificial="no" styleMarking="no">
<orthForm>ungebildet</orthForm>
</lexUnit>
</synset>
<synset id="s923" category="adj" class="Geist">
<lexUnit id="l1557" sense="1" source="core" namedEntity="no" artificial="no" styleMarking="no">
<orthForm>unausgereift</orthForm>
</lexUnit>
<lexUnit id="l1558" sense="1" source="core" namedEntity="no" artificial="no" styleMarking="no">
<orthForm>unausgegoren</orthForm>
</lexUnit>
<lexUnit id="l1559" sense="1" source="core" namedEntity="no" artificial="no" styleMarking="no">
<orthForm>unausgewogen</orthForm>
</lexUnit>
<lexUnit id="l2048" sense="1" source="core" namedEntity="no" artificial="no" styleMarking="no">
<orthForm>unreif</orthForm>
</lexUnit>
</synset>
<synset id="s95343" category="adj" class="Geist">
<lexUnit id="l127355" sense="1" source="core" namedEntity="no" artificial="no" styleMarking="no">
<orthForm>andersdenkend</orthForm>
</lexUnit>
</synset>
<synset id="s838" category="adj" class="Geist">
<lexUnit id="l106807" sense="1" source="core" namedEntity="no" artificial="no" styleMarking="no">
<orthForm>fantasiereich</orthForm>
<orthVar>phantasiereich</orthVar>
</lexUnit>
<lexUnit id="l1425" sense="1" source="core" namedEntity="no" artificial="no" styleMarking="no">
<orthForm>fantasievoll</orthForm>
<orthVar>phantasievoll</orthVar>
</lexUnit>
</synset>
<synset id="s853" category="adj" class="Geist">
<lexUnit id="l1445" sense="1" source="core" namedEntity="no" artificial="no" styleMarking="no">
<orthForm>hell</orthForm>
<example><text>ein heller Kopf</text></example>
</lexUnit>
</synset>
<synset id="s93966" category="adj" class="Geist">
<lexUnit id="l125683" sense="1" source="core" namedEntity="no" artificial="no" styleMarking="no">
<orthForm>versonnen</orthForm>
</lexUnit>
</synset>
<synset id="s128025" category="adj" class="Geist">
<lexUnit id="l167704" sense="1" source="core" namedEntity="no" artificial="no" styleMarking="no">
<orthForm>oberschlau</orthForm>
</lexUnit>
</synset>
<synset id="s77806" category="adj" class="Geist">
<lexUnit id="l105790" sense="1" source="core" namedEntity="no" artificial="no" styleMarking="no">
<orthForm>hochmusikalisch</orthForm>
</lexUnit>
</synset>
<synset id="s861" category="adj" class="Geist">
<lexUnit id="l1457" sense="1" source="core" namedEntity="no" artificial="no" styleMarking="no">
<orthForm>genial</orthForm>
</lexUnit>
<lexUnit id="l1458" sense="1" source="core" namedEntity="no" artificial="no" styleMarking="no">
<orthForm>genialisch</orthForm>
</lexUnit>
</synset>
<synset id="s127704" category="adj" class="Geist">
<lexUnit id="l167322" sense="1" source="core" namedEntity="no" artificial="no" styleMarking="no">
<orthForm>ingeniös</orthForm>
</lexUnit>
</synset>
<synset id="s128495" category="adj" class="Geist">
<lexUnit id="l168226" sense="1" source="core" namedEntity="no" artificial="no" styleMarking="no">
<orthForm>talentfrei</orthForm>
</lexUnit>
</synset>
<synset id="s862" category="adj" class="Geist">
<lexUnit id="l1459" sense="1" source="core" namedEntity="no" artificial="no" styleMarking="no">
<orthForm>kongenial</orthForm>
</lexUnit>
</synset>
<synset id="s96605" category="adj" class="Geist">
<lexUnit id="l128794" sense="2" source="core" namedEntity="no" artificial="no" styleMarking="no">
<orthForm>eklektisch</orthForm>
</lexUnit>
</synset>
<synset id="s96847" category="adj" class="Geist">
<lexUnit id="l129060" sense="2" source="core" namedEntity="no" artificial="no" styleMarking="no">
<orthForm>grafisch</orthForm>
<orthVar>graphisch</orthVar>
</lexUnit>
</synset>
<synset id="s128521" category="adj" class="Geist">
<lexUnit id="l168254" sense="1" source="core" namedEntity="no" artificial="no" styleMarking="no">
<orthForm>tranceähnlich</orthForm>
</lexUnit>
<lexUnit id="l168255" sense="1" source="core" namedEntity="no" artificial="no" styleMarking="no">
<orthForm>tranceartig</orthForm>
</lexUnit>
</synset>
<synset id="s927" category="adj" class="Geist">
<lexUnit id="l1567" sense="1" source="core" namedEntity="no" artificial="no" styleMarking="no">
<orthForm>unbewährt</orthForm>
</lexUnit>
<lexUnit id="l1568" sense="1" source="core" namedEntity="no" artificial="no" styleMarking="no">
<orthForm>unerprobt</orthForm>
</lexUnit>
</synset>
<synset id="s931" category="adj" class="Geist">
<lexUnit id="l1574" sense="1" source="core" namedEntity="no" artificial="no" styleMarking="no">
<orthForm>unbegabt</orthForm>
</lexUnit>
<lexUnit id="l1575" sense="1" source="core" namedEntity="no" artificial="no" styleMarking="no">
<orthForm>untalentiert</orthForm>
</lexUnit>
</synset>
<synset id="s894" category="adj" class="Geist">
<lexUnit id="l1514" sense="1" source="core" namedEntity="no" artificial="no" styleMarking="no">
<orthForm>geistesabwesend</orthForm>
</lexUnit>
</synset>
<synset id="s78251" category="adj" class="Geist">
<lexUnit id="l106311" sense="1" source="core" namedEntity="no" artificial="no" styleMarking="no">
<orthForm>zeichnerisch</orthForm>
</lexUnit>
</synset>
<synset id="s841" category="adj" class="Geist">
<lexUnit id="l1430" sense="1" source="core" namedEntity="no" artificial="no" styleMarking="no">
<orthForm>bildnerisch</orthForm>
</lexUnit>
</synset>
<synset id="s104484" category="adj" class="Geist">
<lexUnit id="l138787" sense="1" source="core" namedEntity="no" artificial="no" styleMarking="no">
<orthForm>kunstgerecht</orthForm>
</lexUnit>
</synset>
<synset id="s94890" category="adj" class="Geist">
<lexUnit id="l126818" sense="1" source="core" namedEntity="no" artificial="no" styleMarking="no">
<orthForm>ungeschult</orthForm>
</lexUnit>
</synset>
<synset id="s837" category="adj" class="Geist">
<lexUnit id="l106810" sense="1" source="core" namedEntity="no" artificial="no" styleMarking="no">
<orthForm>erfindungsreich</orthForm>
</lexUnit>
<lexUnit id="l1422" sense="1" source="core" namedEntity="no" artificial="no" styleMarking="no">
<orthForm>einfallsreich</orthForm>
</lexUnit>
<lexUnit id="l1423" sense="1" source="core" namedEntity="no" artificial="no" styleMarking="no">
<orthForm>ideenreich</orthForm>
</lexUnit>
<lexUnit id="l1424" sense="1" source="core" namedEntity="no" artificial="no" styleMarking="no">
<orthForm>originell</orthForm>
</lexUnit>
</synset>
<synset id="s856" category="adj" class="Geist">
<lexUnit id="l1448" sense="1" source="core" namedEntity="no" artificial="no" styleMarking="no">
<orthForm>gerissen</orthForm>
</lexUnit>
<lexUnit id="l127885" sense="1" source="core" namedEntity="no" artificial="no" styleMarking="no">
<orthForm>schlitzohrig</orthForm>
</lexUnit>
</synset>
<synset id="s94373" category="adj" class="Geist">
<lexUnit id="l126166" sense="1" source="core" namedEntity="no" artificial="no" styleMarking="no">
<orthForm>unzivilisiert</orthForm>
</lexUnit>
</synset>
<synset id="s95813" category="adj" class="Geist">
<lexUnit id="l127905" sense="1" source="core" namedEntity="no" artificial="no" styleMarking="no">
<orthForm>debil</orthForm>
</lexUnit>
</synset>
<synset id="s94348" category="adj" class="Geist">
<lexUnit id="l126141" sense="1" source="core" namedEntity="no" artificial="no" styleMarking="no">
<orthForm>vernunftbegabt</orthForm>
</lexUnit>
</synset>
<synset id="s128297" category="adj" class="Geist">
<lexUnit id="l168004" sense="1" source="core" namedEntity="no" artificial="no" styleMarking="no">
<orthForm>sachunkundig</orthForm>
</lexUnit>
</synset>
<synset id="s916" category="adj" class="Geist">
<lexUnit id="l1546" sense="1" source="core" namedEntity="no" artificial="no" styleMarking="no">
<orthForm>routiniert</orthForm>
</lexUnit>
</synset>
</synsets>