<?xml version="1.0" encoding="UTF-8" standalone="no"?>
<!DOCTYPE synsets SYSTEM "germanet_objects.dtd">
<synsets>
<synset id="s88970" category="nomen" class="Tops">
<lexUnit id="l119637" sense="1" source="core" namedEntity="no" artificial="no" styleMarking="no">
<orthForm>Beutestück</orthForm>
<compound>
<modifier category="Nomen">Beute</modifier>
<head>Stück</head>
</compound>
</lexUnit>
</synset>
<synset id="s62968" category="nomen" class="Tops">
<lexUnit id="l88122" sense="1" source="core" namedEntity="no" artificial="no" styleMarking="no">
<orthForm>Untersuchungsgegenstand</orthForm>
<compound>
<modifier category="Nomen">Untersuchung</modifier>
<head>Gegenstand</head>
</compound>
</lexUnit>
<lexUnit id="l104577" sense="1" source="core" namedEntity="no" artificial="no" styleMarking="no">
<orthForm>Untersuchungsobjekt</orthForm>
<compound>
<modifier category="Nomen">Untersuchung</modifier>
<head>Objekt</head>
</compound>
</lexUnit>
</synset>
<synset id="s112292" category="nomen" class="Tops">
<lexUnit id="l148862" sense="1" source="core" namedEntity="no" artificial="no" styleMarking="no">
<orthForm>Meereslebewesen</orthForm>
<compound>
<modifier category="Nomen">Meer</modifier>
<head>Lebewesen</head>
</compound>
</lexUnit>
</synset>
<synset id="s116474" category="nomen" class="Tops">
<lexUnit id="l153875" sense="1" source="core" namedEntity="no" artificial="no" styleMarking="no">
<orthForm>Beobachtungsobjekt</orthForm>
<compound>
<modifier category="Nomen">Beobachtung</modifier>
<head>Objekt</head>
</compound>
</lexUnit>
</synset>
<synset id="s50990" category="nomen" class="Tops">
<lexUnit id="l72117" sense="1" source="core" namedEntity="no" artificial="no" styleMarking="no">
<orthForm>Organismus</orthForm>
</lexUnit>
<lexUnit id="l72116" sense="1" source="core" namedEntity="no" artificial="no" styleMarking="no">
<orthForm>Lebewesen</orthForm>
<compound>
<modifier category="Verb">leben</modifier>
<head>Wesen</head>
</compound>
</lexUnit>
<paraphrase>tierisches oder pflanzliches Lebewesen</paraphrase>
</synset>
<synset id="s108002" category="nomen" class="Tops">
<lexUnit id="l143420" sense="1" source="core" namedEntity="no" artificial="no" styleMarking="no">
<orthForm>Vergleichsobjekt</orthForm>
<compound>
<modifier category="Nomen">Vergleich</modifier>
<head>Objekt</head>
</compound>
</lexUnit>
</synset>
<synset id="s50996" category="nomen" class="Tops">
<lexUnit id="l72124" sense="1" source="core" namedEntity="no" artificial="yes" styleMarking="no">
<orthForm>übernatürliches Lebewesen</orthForm>
</lexUnit>
</synset>
<synset id="s104371" category="nomen" class="Tops">
<lexUnit id="l138635" sense="1" source="core" namedEntity="no" artificial="no" styleMarking="no">
<orthForm>Missgeburt</orthForm>
<oldOrthForm>Mißgeburt</oldOrthForm>
</lexUnit>
</synset>
<synset id="s65384" category="nomen" class="Tops">
<lexUnit id="l90961" sense="1" source="core" namedEntity="no" artificial="no" styleMarking="no">
<orthForm>Endwirt</orthForm>
<compound>
<modifier category="Nomen">Ende</modifier>
<modifier category="Verb">enden</modifier>
<head>Wirt</head>
</compound>
</lexUnit>
</synset>
<synset id="s120637" category="nomen" class="Tops">
<lexUnit id="l158922" sense="1" source="core" namedEntity="no" artificial="no" styleMarking="no">
<orthForm>Schadorganismus</orthForm>
<compound>
<modifier category="Verb">schaden</modifier>
<head>Organismus</head>
</compound>
</lexUnit>
</synset>
<synset id="s99070" category="nomen" class="Tops">
<lexUnit id="l131841" sense="1" source="core" namedEntity="no" artificial="no" styleMarking="no">
<orthForm>Fußteil</orthForm>
<compound>
<modifier category="Nomen">Fuß</modifier>
<head>Teil</head>
</compound>
</lexUnit>
</synset>
<synset id="s50983" category="nomen" class="Tops">
<lexUnit id="l72105" sense="1" source="core" namedEntity="no" artificial="yes" styleMarking="no">
<orthForm>unnatürliches Objekt</orthForm>
</lexUnit>
</synset>
<synset id="s98070" category="nomen" class="Tops">
<lexUnit id="l130636" sense="1" source="core" namedEntity="no" artificial="no" styleMarking="no">
<orthForm>Ahriman</orthForm>
</lexUnit>
</synset>
<synset id="s92894" category="nomen" class="Tops">
<lexUnit id="l124383" sense="1" source="core" namedEntity="no" artificial="no" styleMarking="no">
<orthForm>Kleinlebewesen</orthForm>
<compound>
<modifier category="Adjektiv">klein</modifier>
<head>Lebewesen</head>
</compound>
</lexUnit>
</synset>
<synset id="s71838" category="nomen" class="Tops">
<lexUnit id="l98418" sense="1" source="core" namedEntity="no" artificial="no" styleMarking="no">
<orthForm>Ektoparasit</orthForm>
<compound>
<modifier property="Konfix">ekto</modifier>
<head>Parasit</head>
</compound>
</lexUnit>
</synset>
<synset id="s67860" category="nomen" class="Tops">
<lexUnit id="l93843" sense="1" source="core" namedEntity="no" artificial="no" styleMarking="no">
<orthForm>Holzteil</orthForm>
<compound>
<modifier category="Nomen">Holz</modifier>
<head>Teil</head>
</compound>
</lexUnit>
</synset>
<synset id="s92795" category="nomen" class="Tops">
<lexUnit id="l124255" sense="2" source="core" namedEntity="no" artificial="no" styleMarking="no">
<orthForm>Daube</orthForm>
</lexUnit>
</synset>
<synset id="s50984" category="nomen" class="Tops">
<lexUnit id="l72107" sense="1" source="core" namedEntity="no" artificial="no" styleMarking="no">
<orthForm>Unidentifiziertes Flugobjekt</orthForm>
</lexUnit>
<lexUnit id="l72106" sense="1" source="core" namedEntity="no" artificial="no" styleMarking="no">
<orthForm>UFO</orthForm>
<orthVar>Ufo</orthVar>
</lexUnit>
</synset>
<synset id="s119307" category="nomen" class="Tops">
<lexUnit id="l157350" sense="1" source="core" namedEntity="no" artificial="no" styleMarking="no">
<orthForm>Virusträger</orthForm>
<compound>
<modifier category="Nomen">Virus</modifier>
<head>Träger</head>
</compound>
</lexUnit>
</synset>
<synset id="s62798" category="nomen" class="Tops">
<lexUnit id="l87932" sense="3" source="core" namedEntity="no" artificial="no" styleMarking="no">
<orthForm>Wirt</orthForm>
</lexUnit>
</synset>
<synset id="s112176" category="nomen" class="Tops">
<lexUnit id="l148720" sense="1" source="core" namedEntity="no" artificial="no" styleMarking="no">
<orthForm>Seele</orthForm>
</lexUnit>
<lexUnit id="l148721" sense="1" source="core" namedEntity="no" artificial="no" styleMarking="no">
<orthForm>Geist</orthForm>
</lexUnit>
</synset>
<synset id="s85729" category="nomen" class="Tops">
<lexUnit id="l115516" sense="1" source="core" namedEntity="no" artificial="no" styleMarking="no">
<orthForm>Kaufsache</orthForm>
<compound>
<modifier category="Verb">kaufen</modifier>
<modifier category="Nomen">Kauf</modifier>
<head>Sache</head>
</compound>
</lexUnit>
</synset>
<synset id="s62800" category="nomen" class="Tops">
<lexUnit id="l87934" sense="1" source="core" namedEntity="no" artificial="no" styleMarking="no">
<orthForm>Zwischenwirt</orthForm>
<compound>
<modifier category="Präposition">zwischen</modifier>
<head>Wirt</head>
</compound>
</lexUnit>
</synset>
<synset id="s126557" category="nomen" class="Tops">
<lexUnit id="l165987" sense="1" source="core" namedEntity="no" artificial="no" styleMarking="no">
<orthForm>Dämonin</orthForm>
</lexUnit>
</synset>
<synset id="s73567" category="nomen" class="Tops">
<lexUnit id="l100508" sense="1" source="core" namedEntity="no" artificial="no" styleMarking="no">
<orthForm>Mischwesen</orthForm>
<compound>
<modifier category="Verb">mischen</modifier>
<head>Wesen</head>
</compound>
</lexUnit>
</synset>
<synset id="s98261" category="nomen" class="Tops">
<lexUnit id="l130861" sense="1" source="core" namedEntity="no" artificial="no" styleMarking="no">
<orthForm>Bodenlebewesen</orthForm>
<compound>
<modifier category="Nomen">Boden</modifier>
<head>Lebewesen</head>
</compound>
</lexUnit>
<lexUnit id="l130862" sense="1" source="core" namedEntity="no" artificial="no" styleMarking="no">
<orthForm>Bodenorganismus</orthForm>
<compound>
<modifier category="Nomen">Boden</modifier>
<head>Organismus</head>
</compound>
</lexUnit>
</synset>
<synset id="s81222" category="nomen" class="Tops">
<lexUnit id="l109780" sense="1" source="core" namedEntity="no" artificial="no" styleMarking="no">
<orthForm>Protist</orthForm>
</lexUnit>
</synset>
<synset id="s112818" category="nomen" class="Tops">
<lexUnit id="l149488" sense="1" source="core" namedEntity="no" artificial="no" styleMarking="no">
<orthForm>Modell</orthForm>
</lexUnit>
</synset>
<synset id="s108406" category="nomen" class="Tops">
<lexUnit id="l143917" sense="1" source="core" namedEntity="no" artificial="no" styleMarking="no">
<orthForm>Versuchsobjekt</orthForm>
<compound>
<modifier category="Nomen">Versuch</modifier>
<head>Objekt</head>
</compound>
</lexUnit>
</synset>
<synset id="s102922" category="nomen" class="Tops">
<lexUnit id="l136742" sense="1" source="core" namedEntity="no" artificial="no" styleMarking="no">
<orthForm>Streitobjekt</orthForm>
<compound>
<modifier category="Nomen">Streit</modifier>
<modifier category="Verb">streiten</modifier>
<head>Objekt</head>
</compound>
</lexUnit>
</synset>
<synset id="s69225" category="nomen" class="Tops">
<lexUnit id="l95409" sense="1" source="core" namedEntity="no" artificial="no" styleMarking="no">
<orthForm>Phytoplankton</orthForm>
<compound>
<modifier property="Konfix">phyto</modifier>
<head>Plankton</head>
</compound>
</lexUnit>
</synset>
<synset id="s93237" category="nomen" class="Tops">
<lexUnit id="l124793" sense="1" source="core" namedEntity="no" artificial="no" styleMarking="no">
<orthForm>Puzzleteil</orthForm>
<compound>
<modifier category="Nomen">Puzzle</modifier>
<head>Teil</head>
</compound>
</lexUnit>
</synset>
<synset id="s118666" category="nomen" class="Tops">
<lexUnit id="l156456" sense="1" source="core" namedEntity="no" artificial="no" styleMarking="no">
<orthForm>Gesamtorganismus</orthForm>
<compound>
<modifier category="Adjektiv">gesamt</modifier>
<head>Organismus</head>
</compound>
</lexUnit>
</synset>
<synset id="s90654" category="nomen" class="Tops">
<lexUnit id="l121616" sense="1" source="core" namedEntity="no" artificial="no" styleMarking="no">
<orthForm>Forschungsobjekt</orthForm>
<compound>
<modifier category="Nomen">Forschung</modifier>
<head>Objekt</head>
</compound>
</lexUnit>
</synset>
<synset id="s51001" category="nomen" class="Tops">
<lexUnit id="l72133" sense="1" source="core" namedEntity="no" artificial="yes" styleMarking="no">
<orthForm>GNROOT</orthForm>
</lexUnit>
<paraphrase>Topknoten des gesamten Graphen</paraphrase>
</synset>
<synset id="s71203" category="nomen" class="Tops">
<lexUnit id="l97678" sense="1" source="core" namedEntity="no" artificial="no" styleMarking="no">
<orthForm>Zielobjekt</orthForm>
<compound>
<modifier category="Nomen">Ziel</modifier>
<modifier category="Verb">zielen</modifier>
<head>Objekt</head>
</compound>
</lexUnit>
</synset>
<synset id="s105874" category="nomen" class="Tops">
<lexUnit id="l140706" sense="1" source="core" namedEntity="no" artificial="no" styleMarking="no">
<orthForm>Alraun</orthForm>
</lexUnit>
<lexUnit id="l140707" sense="1" source="core" namedEntity="no" artificial="no" styleMarking="no">
<orthForm>Alraune</orthForm>
</lexUnit>
</synset>
<synset id="s106160" category="nomen" class="Tops">
<lexUnit id="l141088" sense="1" source="core" namedEntity="no" artificial="no" styleMarking="no">
<orthForm>Altertümer</orthForm>
</lexUnit>
</synset>
<synset id="s50991" category="nomen" class="Tops">
<lexUnit id="l72118" sense="1" source="core" namedEntity="no" artificial="yes" styleMarking="no">
<orthForm>geschlechtsspezifisches Lebewesen</orthForm>
</lexUnit>
</synset>
<synset id="s87787" category="nomen" class="Tops">
<lexUnit id="l118145" sense="1" source="core" namedEntity="no" artificial="no" styleMarking="no">
<orthForm>Aliud</orthForm>
</lexUnit>
</synset>
<synset id="s65328" category="nomen" class="Tops">
<lexUnit id="l90894" sense="1" source="core" namedEntity="no" artificial="no" styleMarking="no">
<orthForm>Einzelding</orthForm>
<compound>
<modifier category="Adjektiv">einzeln</modifier>
<head>Ding</head>
</compound>
</lexUnit>
</synset>
<synset id="s50985" category="nomen" class="Tops">
<lexUnit id="l72108" sense="1" source="core" namedEntity="no" artificial="no" styleMarking="no">
<orthForm>Naturobjekt</orthForm>
<compound>
<modifier category="Nomen">Natur</modifier>
<head>Objekt</head>
</compound>
</lexUnit>
</synset>
<synset id="s50994" category="nomen" class="Tops">
<lexUnit id="l72122" sense="1" source="core" namedEntity="no" artificial="no" styleMarking="no">
<orthForm>Plankton</orthForm>
</lexUnit>
</synset>
<synset id="s16172" category="nomen" class="Tops">
<lexUnit id="l22467" sense="1" source="core" namedEntity="no" artificial="no" styleMarking="no">
<orthForm>Lieblingsobjekt</orthForm>
<compound>
<modifier property="Affixoid">lieblings</modifier>
<head>Objekt</head>
</compound>
</lexUnit>
</synset>
<synset id="s91044" category="nomen" class="Tops">
<lexUnit id="l122075" sense="1" source="core" namedEntity="no" artificial="no" styleMarking="no">
<orthForm>Superstring</orthForm>
</lexUnit>
</synset>
<synset id="s50982" category="nomen" class="Tops">
<lexUnit id="l72104" sense="1" source="core" namedEntity="no" artificial="yes" styleMarking="no">
<orthForm>natürliches Objekt</orthForm>
</lexUnit>
</synset>
<synset id="s50997" category="nomen" class="Tops">
<lexUnit id="l72126" sense="1" source="core" namedEntity="no" artificial="yes" styleMarking="no">
<orthForm>höheres Lebewesen</orthForm>
</lexUnit>
</synset>
<synset id="s50993" category="nomen" class="Tops">
<lexUnit id="l72120" sense="2" source="core" namedEntity="no" artificial="no" styleMarking="no">
<orthForm>Parasit</orthForm>
</lexUnit>
<lexUnit id="l72121" sense="2" source="core" namedEntity="no" artificial="no" styleMarking="no">
<orthForm>Schmarotzer</orthForm>
</lexUnit>
<paraphrase>Lebewesen (Tier oder Pflanze), das auf Kosten seines Wirtes lebt</paraphrase>
</synset>
<synset id="s88516" category="nomen" class="Tops">
<lexUnit id="l119067" sense="1" source="core" namedEntity="no" artificial="no" styleMarking="no">
<orthForm>Totem</orthForm>
</lexUnit>
</synset>
<synset id="s115781" category="nomen" class="Tops">
<lexUnit id="l153066" sense="1" source="core" namedEntity="no" artificial="no" styleMarking="no">
<orthForm>Originalstück</orthForm>
<compound>
<modifier category="Adjektiv">original</modifier>
<head>Stück</head>
</compound>
</lexUnit>
</synset>
<synset id="s51000" category="nomen" class="Tops">
<lexUnit id="l72132" sense="4" source="core" namedEntity="no" artificial="no" styleMarking="no">
<orthForm>Teil</orthForm>
</lexUnit>
</synset>
<synset id="s104370" category="nomen" class="Tops">
<lexUnit id="l138634" sense="1" source="core" namedEntity="no" artificial="no" styleMarking="no">
<orthForm>Studienobjekt</orthForm>
<compound>
<modifier category="Nomen">Studie</modifier>
<head>Objekt</head>
</compound>
</lexUnit>
</synset>
<synset id="s102617" category="nomen" class="Tops">
<lexUnit id="l136323" sense="1" source="core" namedEntity="no" artificial="no" styleMarking="no">
<orthForm>Einzelwesen</orthForm>
<compound>
<modifier category="Adjektiv">einzeln</modifier>
<head>Wesen</head>
</compound>
</lexUnit>
</synset>
<synset id="s82856" category="nomen" class="Tops">
<lexUnit id="l111756" sense="1" source="core" namedEntity="no" artificial="no" styleMarking="no">
<orthForm>Überträger</orthForm>
</lexUnit>
</synset>
<synset id="s50999" category="nomen" class="Tops">
<lexUnit id="l72128" sense="5" source="core" namedEntity="no" artificial="no" styleMarking="no">
<orthForm>Ding</orthForm>
</lexUnit>
<lexUnit id="l72129" sense="3" source="core" namedEntity="no" artificial="no" styleMarking="no">
<orthForm>Sache</orthForm>
</lexUnit>
<lexUnit id="l72130" sense="2" source="core" namedEntity="no" artificial="no" styleMarking="no">
<orthForm>Gegenstand</orthForm>
<compound>
<modifier category="Präposition">gegen</modifier>
<head>Stand</head>
</compound>
</lexUnit>
<lexUnit id="l72131" sense="1" source="core" namedEntity="no" artificial="no" styleMarking="no">
<orthForm>Gebilde</orthForm>
</lexUnit>
<paraphrase>festumrissenes Objekt mit räumlicher Ausdehnung</paraphrase>
</synset>
<synset id="s103107" category="nomen" class="Tops">
<lexUnit id="l137002" sense="1" source="core" namedEntity="no" artificial="no" styleMarking="no">
<orthForm>Darmparasit</orthForm>
<compound>
<modifier category="Nomen">Darm</modifier>
<head>Parasit</head>
</compound>
</lexUnit>
</synset>
<synset id="s62129" category="nomen" class="Tops">
<lexUnit id="l87178" sense="1" source="core" namedEntity="no" artificial="no" styleMarking="no">
<orthForm>Zooplankton</orthForm>
<compound>
<modifier category="Nomen">Zoo</modifier>
<head>Plankton</head>
</compound>
</lexUnit>
</synset>
<synset id="s50986" category="nomen" class="Tops">
<lexUnit id="l90378" sense="1" source="core" namedEntity="no" artificial="no" styleMarking="no">
<orthForm>Wesenheit</orthForm>
</lexUnit>
<lexUnit id="l72110" sense="1" source="core" namedEntity="no" artificial="no" styleMarking="no">
<orthForm>Kreatur</orthForm>
</lexUnit>
<lexUnit id="l72111" sense="2" source="core" namedEntity="no" artificial="no" styleMarking="no">
<orthForm>Wesen</orthForm>
</lexUnit>
</synset>
<synset id="s130547" category="nomen" class="Tops">
<lexUnit id="l170755" sense="1" source="core" namedEntity="no" artificial="no" styleMarking="no">
<orthForm>Mitgeschöpf</orthForm>
<compound>
<modifier category="Präposition">mit</modifier>
<head>Geschöpf</head>
</compound>
</lexUnit>
</synset>
<synset id="s98533" category="nomen" class="Tops">
<lexUnit id="l131219" sense="1" source="core" namedEntity="no" artificial="no" styleMarking="no">
<orthForm>Ausstellungsgegenstand</orthForm>
<compound>
<modifier category="Nomen">Ausstellung</modifier>
<head>Gegenstand</head>
</compound>
</lexUnit>
</synset>
<synset id="s50989" category="nomen" class="Tops">
<lexUnit id="l72115" sense="1" source="core" namedEntity="no" artificial="no" styleMarking="no">
<orthForm>Mutant</orthForm>
</lexUnit>
</synset>
<synset id="s128560" category="nomen" class="Tops">
<lexUnit id="l168298" sense="1" source="core" namedEntity="no" artificial="no" styleMarking="no">
<orthForm>Wasserwesen</orthForm>
<compound>
<modifier category="Nomen">Wasser</modifier>
<head>Wesen</head>
</compound>
</lexUnit>
</synset>
<synset id="s90640" category="nomen" class="Tops">
<lexUnit id="l121598" sense="1" source="core" namedEntity="no" artificial="no" styleMarking="no">
<orthForm>Testobjekt</orthForm>
<compound>
<modifier category="Nomen">Test</modifier>
<modifier category="Verb">testen</modifier>
<head>Objekt</head>
</compound>
</lexUnit>
</synset>
<synset id="s63410" category="nomen" class="Tops">
<lexUnit id="l88646" sense="1" source="core" namedEntity="no" artificial="no" styleMarking="no">
<orthForm>Mana</orthForm>
</lexUnit>
</synset>
<synset id="s84006" category="nomen" class="Tops">
<lexUnit id="l113276" sense="1" source="core" namedEntity="no" artificial="no" styleMarking="no">
<orthForm>Wirtsorganismus</orthForm>
<compound>
<modifier category="Nomen">Wirt</modifier>
<head>Organismus</head>
</compound>
</lexUnit>
</synset>
<synset id="s50998" category="nomen" class="Tops">
<lexUnit id="l72127" sense="3" source="core" namedEntity="no" artificial="no" styleMarking="no">
<orthForm>Subjekt</orthForm>
</lexUnit>
<paraphrase>denkendes Wesen</paraphrase>
</synset>
<synset id="s50988" category="nomen" class="Tops">
<lexUnit id="l72114" sense="2" source="core" namedEntity="no" artificial="no" styleMarking="no">
<orthForm>Lebensform</orthForm>
<compound>
<modifier category="Nomen">Leben</modifier>
<head>Form</head>
</compound>
</lexUnit>
</synset>
<synset id="s106665" category="nomen" class="Tops">
<lexUnit id="l141751" sense="1" source="core" namedEntity="no" artificial="no" styleMarking="no">
<orthForm>Macht</orthForm>
</lexUnit>
</synset>
<synset id="s50995" category="nomen" class="Tops">
<lexUnit id="l72123" sense="1" source="core" namedEntity="no" artificial="yes" styleMarking="no">
<orthForm>altersspezifisches Lebewesen</orthForm>
</lexUnit>
</synset>
<synset id="s50987" category="nomen" class="Tops">
<lexUnit id="l72112" sense="2" source="core" namedEntity="no" artificial="no" styleMarking="no">
<orthForm>Schöpfung</orthForm>
</lexUnit>
<lexUnit id="l72113" sense="1" source="core" namedEntity="no" artificial="no" styleMarking="no">
<orthForm>Geschöpf</orthForm>
</lexUnit>
<paraphrase>eine Kreatur, die durch den Schöpfungsvorgang entstanden ist</paraphrase>
</synset>
<synset id="s33136" category="nomen" class="Tops">
<lexUnit id="l45586" sense="3" source="core" namedEntity="no" artificial="no" styleMarking="no">
<orthForm>Stück</orthForm>
</lexUnit>
</synset>
<synset id="s105445" category="nomen" class="Tops">
<lexUnit id="l140139" sense="1" source="core" namedEntity="no" artificial="no" styleMarking="no">
<orthForm>Tauschobjekt</orthForm>
<compound>
<modifier category="Nomen">Tausch</modifier>
<modifier category="Verb">tauschen</modifier>
<head>Objekt</head>
</compound>
</lexUnit>
</synset>
<synset id="s116137" category="nomen" class="Tops">
<lexUnit id="l153464" sense="1" source="core" namedEntity="no" artificial="no" styleMarking="no">
<orthForm>Sammlungsstück</orthForm>
<compound>
<modifier category="Nomen">Sammlung</modifier>
<head>Stück</head>
</compound>
</lexUnit>
</synset>
<synset id="s50981" category="nomen" class="Tops">
<lexUnit id="l72103" sense="4" source="core" namedEntity="no" artificial="no" styleMarking="no">
<orthForm>Objekt</orthForm>
</lexUnit>
</synset>
<synset id="s113831" category="nomen" class="Tops">
<lexUnit id="l150741" sense="1" source="core" namedEntity="no" artificial="no" styleMarking="no">
<orthForm>Sammlungsgegenstand</orthForm>
<compound>
<modifier category="Nomen">Sammlung</modifier>
<head>Gegenstand</head>
</compound>
</lexUnit>
<lexUnit id="l156828" sense="1" source="core" namedEntity="no" artificial="no" styleMarking="no">
<orthForm>Sammlungsobjekt</orthForm>
<compound>
<modifier category="Nomen">Sammlung</modifier>
<head>Objekt</head>
</compound>
</lexUnit>
</synset>
<synset id="s50980" category="nomen" class="Tops">
<lexUnit id="l72102" sense="2" source="core" namedEntity="no" artificial="no" styleMarking="no">
<orthForm>Entität</orthForm>
</lexUnit>
<paraphrase>konkretes oder abstraktes Objekt</paraphrase>
</synset>
<synset id="s50992" category="nomen" class="Tops">
<lexUnit id="l72119" sense="2" source="core" namedEntity="no" artificial="no" styleMarking="no">
<orthForm>Zwitter</orthForm>
</lexUnit>
<paraphrase>Lebewesen (Tier oder Pflanze), das seinen geschlechtlichen Eigenschaften und Merkmalen nach sowohl männlich als auch weiblich ist</paraphrase>
</synset>
</synsets>